"E32AA",51.529720379855,-0.027288599684871
"E32AB",51.526737115449,-0.027979886770028
"E32AD",51.526649767426,-0.024926982911538
"E32AE",51.527019169915,-0.02656911156309
"E32AF",51.527802564647,-0.022887309184704
"E32AG",51.528536826931,-0.024297383216219
"E32AH",51.527689567532,-0.026323838718326
"E32AJ",51.526652411005,-0.026152423843572
"E32AN",51.527190225721,-0.022308265030516
"E32AQ",51.528148203612,-0.023117451930378
"E32AR",51.528659493648,-0.021970622842359
"E32AS",51.528402999708,-0.023293857989984
"E32AT",51.527337372356,-0.026238142736928
"E32AU",51.528128010628,-0.025656029786381
"E32AW",51.535100321474,-0.024719760623007
"E32AX",51.528438942791,-0.02169180642053
"E32AY",51.52790187728,-0.025579302148635
"E32AZ",51.527993943149,-0.025171594172426
"E32BA",51.528584181349,-0.02497302159632
"E32BB",51.528288585681,-0.02450999531709
"E32BD",51.527956547843,-0.024553208009508
"E32BE",51.527682800648,-0.024853431770222
"E32BF",51.532119276111,-0.021272662326301
"E32BG",51.526456576118,-0.0278766645957
"E32BH",51.527371900001,-0.024549681693939
"E32BJ",51.527651963472,-0.024090579919653
"E32BL",51.526800129558,-0.024242812489595
"E32BN",51.527360734547,-0.023886912930206
"E32BP",51.528210624664,-0.022018918994433
"E32BQ",51.528915264778,-0.023271665655904
"E32BS",51.526662867292,-0.025705004221741
"E32BT",51.535138946411,-0.024343142563584
"E32BU",51.535111989704,-0.023810733906856
"E32BW",51.534911113134,-0.024165537825363
"E32BY",51.528741303459,-0.026292764752198
"E32BZ",51.528425541763,-0.026234328954051
"E32DA",51.526702353255,-0.02858695801571
"E32DB",51.528119328674,-0.029953195215755
"E32DE",51.53471169755,-0.024073228985684
"E32DF",51.534591951881,-0.023905365896402
"E32DG",51.528757899873,-0.029954462413633
"E32DH",51.534601427353,-0.023400226898595
"E32DL",51.529645146188,-0.024955935043464
"E32DN",51.529720379855,-0.027288599684871
"E32DP",51.528229439903,-0.028477724619931
"E32DQ",51.52841624009,-0.032103202786509
"E32DR",51.528327151752,-0.026800919193556
"E32DS",51.530077245031,-0.025514005897684
"E32DT",51.529425343783,-0.022586285087786
"E32DU",51.530301221745,-0.02332697561636
"E32DW",51.52822922189,-0.0279298199597
"E32DZ",51.529927164596,-0.023011536148693
"E32EB",51.528635771519,-0.029109019250042
"E32EE",51.529012665881,-0.022647426842932
"E32EH",51.529070543838,-0.029292106173151
"E32EJ",51.529031474732,-0.028572841407302
"E32EL",51.529438827311,-0.028194761569167
"E32EN",51.529696280439,-0.028529697657149
"E32EP",51.530219798347,-0.026502777186267
"E32ER",51.534699730314,-0.027102124328478
"E32ES",51.529941440025,-0.02652923647355
"E32ET",51.530527085989,-0.025523377715164
"E32EU",51.531161774831,-0.025294034443841
"E32EW",51.534401766001,-0.023827079726769
"E32EX",51.531890238874,-0.023157190856117
"E32EY",51.534238541372,-0.023747626214424
"E32FB",51.534073616927,-0.02356730235261
"E32FD",51.534188750063,-0.022927804113698
"E32FE",51.533848210939,-0.023533806082624
"E32FF",51.533248505319,-0.023170437125561
"E32FG",51.533528076872,-0.023216004656612
"E32FH",51.533779958148,-0.022685950248331
"E32FJ",51.533364123197,-0.023093325076616
"E32FN",51.529513967407,-0.025711411909186
"E32FP",51.529332028609,-0.026123020418041
"E32FQ",51.529449572676,-0.026694702596864
"E32FR",51.529792311725,-0.026218462290447
"E32FS",51.532896933639,-0.027929940853792
"E32FX",51.529715766918,-0.014224934911967
"E32GA",51.531441612352,-0.022686355684005
"E32GB",51.531045205645,-0.02211232808616
"E32GD",51.531029177469,-0.022761908897339
"E32GE",51.53056184194,-0.021715115568092
"E32GF",51.530588321637,-0.022218651665004
"E32GG",51.52786617408,-0.02026035148798
"E32GH",51.527686685989,-0.020816047034405
"E32GJ",51.528128755611,-0.020897803632405
"E32GL",51.527823184283,-0.020377566114338
"E32GN",51.531107133553,-0.024719611098477
"E32GP",51.531107133553,-0.024719611098477
"E32GQ",51.531403472155,-0.024158828725362
"E32GR",51.53061066469,-0.024077805654849
"E32GS",51.530809841846,-0.023622171627671
"E32GT",51.530771455526,-0.024546689061136
"E32GU",51.530223252168,-0.02243634871554
"E32GW",51.531085282021,-0.023956312927367
"E32GX",51.531188999905,-0.023706685279008
"E32GY",51.540267143268,-0.020183640795779
"E32GZ",51.540267143268,-0.020183640795779
"E32HA",51.532439885686,-0.025354074548226
"E32HB",51.532411235153,-0.024720829325781
"E32HD",51.533315451581,-0.027681123103403
"E32HF",51.530167126713,-0.024976598062437
"E32HG",51.530320093576,-0.027118475608906
"E32HH",51.53303687085,-0.027159615221427
"E32HJ",51.533070637794,-0.027028372089004
"E32HL",51.527476841934,-0.023305142176406
"E32HN",51.529799876771,-0.024531077666342
"E32HP",51.533060155604,-0.028009407202764
"E32HQ",51.530834575112,-0.026158953678604
"E32HR",51.532831600782,-0.027788562492174
"E32HS",51.533613534174,-0.026154083911915
"E32HT",51.533829451984,-0.026692723308391
"E32HU",51.533566848698,-0.02765583395806
"E32HW",51.530312870196,-0.024552124956425
"E32HX",51.533919769667,-0.02778478164843
"E32HY",51.532009219803,-0.025949514251006
"E32HZ",51.532137234969,-0.025540214282492
"E32JA",51.536125733624,-0.027934570562656
"E32JB",51.536868976793,-0.028277397946053
"E32JD",51.535740538993,-0.026956162318549
"E32JE",51.534752014172,-0.021663198303291
"E32JF",51.535710426055,-0.02676998969459
"E32JG",51.535875381833,-0.020547309100035
"E32JH",51.535239997275,-0.022867822364158
"E32JJ",51.535875381833,-0.020547309100035
"E32JN",51.536996514964,-0.027839238131046
"E32JP",51.535285110107,-0.019145239575921
"E32JQ",51.535559888623,-0.022637640913367
"E32JR",51.535970857007,-0.024609958832684
"E32JU",51.537687531524,-0.028285280280684
"E32JW",51.536901312449,-0.027526080427634
"E32JY",51.535593609163,-0.026241461182815
"E32JZ",51.537475982207,-0.028005990395099
"E32LA",51.538186504441,-0.026403280666726
"E32LB",51.537700982975,-0.025342653714376
"E32LE",51.537776264228,-0.026074907319456
"E32LF",51.537776264228,-0.026074907319456
"E32LG",51.537384211117,-0.026827379393628
"E32LH",51.536927837946,-0.02589529879006
"E32LJ",51.536585828893,-0.026414850291589
"E32LL",51.529634958881,-0.023817255782373
"E32LN",51.536550633564,-0.025392451674191
"E32LP",51.53610685781,-0.025743351205245
"E32LQ",51.537384211117,-0.026827379393628
"E32LR",51.535832392864,-0.025466805820631
"E32LS",51.529634958881,-0.023817255782373
"E32LU",51.535620594396,-0.025173129683286
"E32LW",51.536515665043,-0.02491805859358
"E32LX",51.540267143268,-0.020183640795779
"E32LY",51.535109240633,-0.027387254134918
"E32LZ",51.535387423414,-0.024678486743527
"E32NA",51.538595810945,-0.02507316162041
"E32NB",51.538840393545,-0.02571156845194
"E32ND",51.539372814359,-0.020482062836695
"E32NG",51.537533878014,-0.0212973778083
"E32NN",51.537559082681,-0.019060911973901
"E32NP",51.538272742661,-0.020313474807693
"E32NQ",51.537262077415,-0.021179373294496
"E32NR",51.537818555054,-0.021645574535187
"E32NS",51.53869611975,-0.020886405916052
"E32NT",51.538418744893,-0.02150416633503
"E32NW",51.536595032158,-0.01895856348996
"E32NX",51.536605025206,-0.020083003175003
"E32NY",51.540267143268,-0.020183640795779
"E32NZ",51.540267143268,-0.020183640795779
"E32PA",51.539689035806,-0.019502035713992
"E32PD",51.54101427163,-0.01968967745421
"E32PF",51.540752214621,-0.020681804127848
"E32PG",51.540267143268,-0.020183640795779
"E32PH",51.540267143268,-0.020183640795779
"E32PJ",51.52928995969,-0.014041598629607
"E32PL",51.539909877907,-0.02192984881145
"E32PP",51.529468236852,-0.013947323692347
"E32PQ",51.529606253237,-0.014662278802253
"E32PR",51.538710715026,-0.022818336557907
"E32PS",51.539439625329,-0.021243547854473
"E32PT",51.52929170619,-0.014675965416905
"E32PU",51.532290264938,-0.020746123022813
"E32PW",51.535464381658,-0.019642193404256
"E32PX",51.535184337084,-0.020101401951358
"E32PY",51.532646361435,-0.021595886356917
"E32PZ",51.53269201867,-0.021103619070154
"E32QA",51.529561085407,-0.019970522283653
"E32QB",51.528552533814,-0.018298437671641
"E32QD",51.528356801371,-0.019489284216276
"E32QE",51.52817095812,-0.018603385597828
"E32QF",51.530342498095,-0.020974813503136
"E32QG",51.534842100864,-0.025942296237111
"E32QH",51.531736963685,-0.021534382128109
"E32QJ",51.530681341465,-0.021335025051917
"E32QL",51.535079416503,-0.025614765569516
"E32QN",51.530670400517,-0.020686618548285
"E32QP",51.531839224537,-0.021731826803753
"E32QQ",51.535178019407,-0.026129653711311
"E32QR",51.531346149582,-0.021825305644722
"E32QS",51.529177559553,-0.020160194886613
"E32QT",51.528048526962,-0.018277070678973
"E32QU",51.531884407449,-0.022277826087461
"E32QW",51.529720379855,-0.027288599684871
"E32QX",51.535273979173,-0.02541887137177
"E32QY",51.534256980263,-0.025376367075357
"E32QZ",51.534609913476,-0.024971728277161
"E32RB",51.532523461626,-0.023908441527424
"E32RD",51.532153293452,-0.023289993098703
"E32RL",51.53300633726,-0.023743322723545
"E32RN",51.533439868764,-0.025988552482559
"E32RR",51.533427229766,-0.026306349036602
"E32RS",51.5325975375,-0.024568561286961
"E32RT",51.534494271311,-0.026115976350194
"E32RU",51.533488959976,-0.024630905018505
"E32RW",51.533192365773,-0.025710854564277
"E32RY",51.534256980263,-0.025376367075357
"E32RZ",51.533922039925,-0.024713096646303
"E32SA",51.528258212545,-0.020574974678477
"E32SD",51.533000497103,-0.021263282140837
"E32SE",51.528048526962,-0.018277070678973
"E32SF",51.529720379855,-0.027288599684871
"E32SG",51.528030749733,-0.017225274059126
"E32SH",51.528379025629,-0.016546872364182
"E32SJ",51.528591239227,-0.015268781682812
"E32SL",51.533219104433,-0.021426845011516
"E32SN",51.533441114353,-0.021792148192837
"E32SP",51.529079393581,-0.014353564445884
"E32SQ",51.533004153487,-0.023080083023379
"E32SR",51.53298374484,-0.021869661672744
"E32SS",51.532971845959,-0.022230685186668
"E32ST",51.532824896574,-0.02258314182202
"E32SU",51.532569129301,-0.022882631159427
"E32SW",51.528410100096,-0.01625714414044
"E32SY",51.53030791372,-0.017861708943529
"E32TA",51.536067038508,-0.021245635393084
"E32TB",51.533923226736,-0.01998308728285
"E32TD",51.528726078663,-0.015796418482049
"E32TJ",51.529973175471,-0.017212960249889
"E32TL",51.529163411725,-0.018257486976922
"E32TN",51.529702588928,-0.01716704196443
"E32TP",51.530026033771,-0.015552434145005
"E32TR",51.531784069917,-0.020595043934382
"E32TS",51.532455923021,-0.020969658477822
"E32TT",51.534747062908,-0.018173562747282
"E32TU",51.528681229201,-0.01739887306822
"E32TW",51.529527449486,-0.016915107060503
"E32TY",51.531379567147,-0.017944929446288
"E32UA",51.531132389491,-0.02088287211122
"E32UB",51.530663591009,-0.020283165819254
"E32UD",51.531285130629,-0.019275651518726
"E32UE",51.530810275356,-0.01938278433469
"E32UF",51.530810275356,-0.01938278433469
"E32UG",51.531098087843,-0.018851180245693
"E32UH",51.530810275356,-0.01938278433469
"E32UJ",51.531098087843,-0.018851180245693
"E32UL",51.531098087843,-0.018851180245693
"E32UP",51.531098087843,-0.018851180245693
"E32UQ",51.531098087843,-0.018851180245693
"E32UR",51.531273496741,-0.020184602149089
"E32US",51.531563745768,-0.019797090562312
"E32UT",51.531844276362,-0.019366736010539
"E32UU",51.531862775171,-0.020995387976608
"E32UX",51.532168325864,-0.020448592028062
"E32YA",51.531554072887,-0.022955458912115
"E32YB",51.531804010743,-0.023377226064681
"E32YD",51.532072409738,-0.022759956933685
"E32YH",51.53372912149,-0.027144099643763
"E32YJ",51.529826100377,-0.020752083749172
"E32YT",51.529720379855,-0.027288599684871
"E32ZA",51.529630329591,-0.020875930093154
"E32ZB",51.530101512436,-0.019485648723127
"E32ZD",51.530563691382,-0.018095729342326
"E32ZE",51.530563691382,-0.018095729342326
"E32ZF",51.530563691382,-0.018095729342326
"E32ZG",51.530563691382,-0.018095729342326
"E32ZH",51.530037142916,-0.019401926556279
"E32ZJ",51.530037142916,-0.019401926556279
"E32ZL",51.530037142916,-0.019401926556279
"E32ZZ",51.527910289177,-0.017547720178879
"E33AA",51.527372324813,-0.018710157224099
"E33AE",51.518397949485,-0.015596709339301
"E33AF",51.527256205347,-0.0070794583689342
"E33AH",51.527653509455,-0.016722595689097
"E33AJ",51.527258049237,-0.016206299112353
"E33AN",51.5178873404,-0.021039151335345
"E33AP",51.528642074234,-0.012959538518678
"E33AQ",51.517743538383,-0.020512012558922
"E33AR",51.527796998023,-0.015634958147242
"E33AS",51.527923758183,-0.015153627770499
"E33AT",51.52777557574,-0.014900537418112
"E33AU",51.528204721575,-0.014218602147201
"E33AW",51.525535483359,-0.016987664095418
"E33AX",51.52855903821,-0.013366884503587
"E33AY",51.526108733247,-0.017380879152553
"E33AZ",51.525098794563,-0.017756367043633
"E33BA",51.528793586727,-0.012347342345175
"E33BB",51.528489931999,-0.011942421788744
"E33BD",51.528292021333,-0.01247012313606
"E33BE",51.528069832158,-0.01315748356831
"E33BF",51.523353536423,-0.012944716738231
"E33BG",51.528131808425,-0.013630604986518
"E33BH",51.528131808425,-0.013630604986518
"E33BJ",51.527754392827,-0.014180525556545
"E33BL",51.527454687328,-0.014539614459843
"E33BN",51.52737091405,-0.014903723248114
"E33BP",51.52751233713,-0.015820360556109
"E33BQ",51.528131808425,-0.013630604986518
"E33BS",51.526420853257,-0.010850270347612
"E33BT",51.525908103092,-0.010843785205678
"E33BU",51.52750833889,-0.011336352197256
"E33BW",51.528674944103,-0.011184574497692
"E33BX",51.525550765578,-0.010455658145982
"E33BY",51.525124624202,-0.011843932154892
"E33BZ",51.525452504109,-0.011555706189367
"E33DA",51.526684664416,-0.0089067129686832
"E33DB",51.526318029007,-0.010090586788761
"E33DD",51.5256438132,-0.010639035518284
"E33DE",51.529720379855,-0.027288599684871
"E33DG",51.527123308709,-0.010906159734446
"E33DH",51.526751663189,-0.010734921311335
"E33DJ",51.52600720493,-0.010853883418121
"E33DQ",51.527951245989,-0.012528222876608
"E33DS",51.527951245989,-0.012528222876608
"E33DT",51.522871408317,-0.013153131164495
"E33DU",51.526336037698,-0.0047983096632162
"E33DW",51.522871408317,-0.013153131164495
"E33DX",51.527268553365,-0.017359323263705
"E33EA",51.524796715448,-0.0094792908915625
"E33EB",51.525292096583,-0.010582278810245
"E33ED",51.524899402068,-0.0070526251131577
"E33EE",51.527214208141,-0.018933299995214
"E33EF",51.527247702933,-0.018254176309493
"E33EG",51.527581751897,-0.011953153322511
"E33EH",51.527260796089,-0.013711777227335
"E33EJ",51.527018185839,-0.014255820060785
"E33EL",51.527055879096,-0.014888591429359
"E33EN",51.527566356005,-0.01369847617421
"E33EP",51.526904109159,-0.015486348260035
"E33EQ",51.527392640701,-0.016719515529463
"E33ER",51.526980697171,-0.016823930524916
"E33ES",51.526526766275,-0.01763666367955
"E33EU",51.524994738836,-0.015857738504948
"E33EW",51.526158182556,-0.015518788082547
"E33EY",51.524882106218,-0.017174651479789
"E33EZ",51.524882106218,-0.017174651479789
"E33FA",51.523671794912,-0.011027764989163
"E33FB",51.523440382053,-0.011701046871976
"E33FD",51.523044219018,-0.011675055083464
"E33FE",51.523044219018,-0.011675055083464
"E33FF",51.523353536423,-0.012944716738231
"E33FG",51.52312348941,-0.012637554444768
"E33FH",51.522916787092,-0.012646555614836
"E33FJ",51.522871408317,-0.013153131164495
"E33FL",51.519504366089,-0.016139665246027
"E33FN",51.519393565147,-0.015438095990869
"E33FP",51.523358815031,-0.012194788211054
"E33FR",51.523358815031,-0.012194788211054
"E33FS",51.522944433753,-0.012155168538784
"E33FW",51.518958040948,-0.015211962082176
"E33FX",51.519707591119,-0.014862213338844
"E33FY",51.519499181416,-0.014770365170429
"E33GA",51.526144239347,-0.018417443488864
"E33GB",51.525973728182,-0.018439265956786
"E33GD",51.525452720692,-0.018476307787017
"E33GE",51.525907186576,-0.018759353133277
"E33GF",51.525452720692,-0.018476307787017
"E33GG",51.52459067026,-0.01802353867909
"E33GH",51.52459067026,-0.01802353867909
"E33GJ",51.52459067026,-0.01802353867909
"E33GL",51.525452720692,-0.018476307787017
"E33GN",51.523044219018,-0.011675055083464
"E33GP",51.52308177237,-0.01070746671762
"E33GQ",51.5235586281,-0.011248957345724
"E33GR",51.523126028195,-0.011195722859883
"E33GS",51.523126028195,-0.011195722859883
"E33GT",51.5223020935,-0.013523922660695
"E33GU",51.518958040948,-0.015211962082176
"E33GW",51.518958040948,-0.015211962082176
"E33GX",51.518958040948,-0.015211962082176
"E33GY",51.518558464635,-0.014984269061276
"E33GZ",51.525491303826,-0.017566301818325
"E33HB",51.526832700215,-0.015518290595227
"E33HD",51.527140016066,-0.012952855481001
"E33HE",51.526698310672,-0.014486015088113
"E33HF",51.526571964676,-0.013929199108835
"E33HG",51.526927720928,-0.01635042562849
"E33HH",51.52751722815,-0.012922010563954
"E33HJ",51.526112318494,-0.012810170462336
"E33HL",51.526282914838,-0.013855270344448
"E33HN",51.526367327666,-0.012467445950116
"E33HP",51.524853168999,-0.016527110208785
"E33HQ",51.526065477266,-0.01695021463781
"E33HR",51.525952101558,-0.013970595564266
"E33HS",51.525110283363,-0.014713706076058
"E33HT",51.525547759197,-0.015055122971756
"E33HU",51.525289816439,-0.015224939538483
"E33HW",51.526063012458,-0.016272669666488
"E33HX",51.524798174818,-0.014871461372306
"E33HY",51.525288874621,-0.015700770771751
"E33HZ",51.524733105835,-0.015277987833154
"E33JA",51.524334389564,-0.013507547534604
"E33JB",51.524531817363,-0.012951082751147
"E33JD",51.526759235452,-0.018087951680458
"E33JG",51.520851318952,-0.0022412816283806
"E33JJ",51.524329937557,-0.010061937058285
"E33JL",51.526046284063,0.00059582860832674
"E33JQ",51.522140141368,-0.0024011199747638
"E33JW",51.521436284255,-0.00754985189025
"E33JX",51.520996721238,-0.0081457028984032
"E33JY",51.522055339816,-0.0069317339637379
"E33LB",51.520505125561,-0.008325737075401
"E33LF",51.524641471264,-0.011461286231736
"E33LG",51.518958040948,-0.015211962082176
"E33LJ",51.521980912378,-0.012615224135375
"E33LL",51.522416975238,-0.010750861029149
"E33LN",51.522428067982,-0.012465999373525
"E33LP",51.522717101159,-0.0098871713400739
"E33LR",51.522754212364,-0.0094242059384341
"E33LS",51.522754212364,-0.0094242059384341
"E33LT",51.521004450412,-0.01231174652968
"E33LU",51.521938836769,-0.0096039374776886
"E33LW",51.522243721353,-0.010080816704317
"E33LX",51.52172341505,-0.012280434519251
"E33LY",51.521839116076,-0.010617462927141
"E33LZ",51.521760047372,-0.011788668627759
"E33NA",51.524642341086,-0.010452009926273
"E33ND",51.520809460329,-0.010359597242373
"E33NE",51.524827702908,-0.010775536911281
"E33NF",51.524989469704,-0.010768485415033
"E33NG",51.525019063629,-0.010392332299999
"E33NH",51.525500836064,-0.014408356017348
"E33NJ",51.52551295546,-0.014061797636289
"E33NL",51.525831811554,-0.01324050963092
"E33NN",51.525174247049,-0.012649170212726
"E33NP",51.524947949897,-0.013625016846066
"E33NR",51.525163679865,-0.014149086963046
"E33NS",51.524487980808,-0.014611019754006
"E33NU",51.518778088097,-0.015738756931148
"E33NW",51.525330244796,-0.013363271763625
"E33NY",51.529720379855,-0.027288599684871
"E33NZ",51.529720379855,-0.027288599684871
"E33PA",51.520720614135,-0.013607171545827
"E33PB",51.52002509833,-0.015554798940964
"E33PD",51.522966584819,-0.016118921472067
"E33PE",51.523518421427,-0.015777751456033
"E33PF",51.522800641824,-0.015347611617492
"E33PG",51.523540263484,-0.015474037781969
"E33PH",51.522910402751,-0.014924741505524
"E33PJ",51.521747997542,-0.016388143338445
"E33PL",51.523465124819,-0.014222999080189
"E33PN",51.519815867995,-0.018605704286781
"E33PP",51.5230101605,-0.013911200586745
"E33PQ",51.52306610907,-0.015090975048485
"E33PR",51.520471502372,-0.021215435246674
"E33PS",51.520587100606,-0.020071528652198
"E33PT",51.520236614125,-0.02062013491786
"E33PU",51.52323215321,-0.013742950051969
"E33PW",51.519999747309,-0.018842797454863
"E33PX",51.520310401573,-0.018598652209621
"E33PY",51.520162504377,-0.019426799453021
"E33PZ",51.520162504377,-0.019426799453021
"E33QA",51.525491303826,-0.017566301818325
"E33QB",51.52387116611,-0.010586552312296
"E33QE",51.52387116611,-0.010586552312296
"E33QF",51.520685648453,-0.017919206312208
"E33QG",51.520073720132,-0.01630232932213
"E33QH",51.520483499295,-0.016601679482656
"E33QN",51.518656549447,-0.019189413503793
"E33QP",51.517998191132,-0.016421361014842
"E33QQ",51.519602218128,-0.015544352514503
"E33QR",51.517883064542,-0.016527272728691
"E33QS",51.519511188803,-0.016543018357401
"E33QU",51.520281912392,-0.016913181879627
"E33QW",51.517998191132,-0.016421361014842
"E33QX",51.51923438395,-0.018789522162349
"E33QY",51.521372733112,-0.016534202878797
"E33RA",51.519731533098,-0.017340746268958
"E33RB",51.519397572741,-0.017802149465123
"E33RD",51.51923438395,-0.018789522162349
"E33RE",51.517571732082,-0.017794944720194
"E33RF",51.518070869757,-0.01752820411305
"E33RG",51.518912290424,-0.018356610934941
"E33RH",51.518887012877,-0.017925232602719
"E33RJ",51.51844351939,-0.018823849501371
"E33RN",51.517998770874,-0.01858367266496
"E33RP",51.517955069005,-0.019191023313047
"E33RQ",51.517922736254,-0.018341908797543
"E33RR",51.518144754861,-0.018707076311756
"E33RS",51.518320582556,-0.017935413319362
"E33RT",51.51731356092,-0.018483677703171
"E33RU",51.517001219694,-0.019160338179306
"E33RW",51.518566936041,-0.019741101046751
"E33RX",51.517124147035,-0.020048752332007
"E33RY",51.518144553909,-0.020292803355865
"E33RZ",51.516840408682,-0.01869161447803
"E33SH",51.529720379855,-0.027288599684871
"E33SR",51.529720379855,-0.027288599684871
"E33ST",51.517480439675,-0.018779157212419
"E33TA",51.5239585267,-0.007785753107869
"E33TB",51.5243514384,-0.0070909730430035
"E33TD",51.523955274826,-0.0070650210042909
"E33TE",51.523696609585,-0.0071916561104883
"E33TT",51.518589065827,-0.0040701919338401
"E33WD",51.529720379855,-0.027288599684871
"E33XB",51.529720379855,-0.027288599684871
"E33XF",51.529720379855,-0.027288599684871
"E34AA",51.518170646453,-0.028782471576291
"E34AB",51.525533435963,-0.021659171040357
"E34AD",51.51769473476,-0.022416971677018
"E34AE",51.525533435963,-0.021659171040357
"E34AG",51.516932258213,-0.030551360491882
"E34AH",51.517285181353,-0.025332198450846
"E34AJ",51.517583454673,-0.025420203260893
"E34AL",51.517425832522,-0.024605344784497
"E34AN",51.518101826072,-0.023091283551822
"E34AP",51.517909644748,-0.026098038504086
"E34AQ",51.516326811212,-0.032523509793462
"E34AR",51.516683699841,-0.027534904724122
"E34AS",51.518509565517,-0.027009117346238
"E34AT",51.519188690329,-0.027282496618204
"E34AU",51.517028466718,-0.021307030600927
"E34AW",51.518817328772,-0.026592171380184
"E34AX",51.516780701982,-0.020481689556504
"E34AZ",51.516132908859,-0.020999889932324
"E34BA",51.518763956429,-0.021822846559893
"E34BB",51.518851635101,-0.021155918011683
"E34BD",51.518306581125,-0.021366951242657
"E34BE",51.518809866115,-0.022411905771566
"E34BF",51.519315568038,-0.021467372415649
"E34BG",51.518616476343,-0.025880067149344
"E34BH",51.520303159702,-0.025100717273892
"E34BL",51.520800819437,-0.026347831128739
"E34BN",51.521557975667,-0.023777751807055
"E34BP",51.521346625916,-0.019779080477711
"E34BQ",51.5184073472,-0.025744954884733
"E34BS",51.521287876645,-0.021626955797842
"E34BT",51.520806699079,-0.021359483848768
"E34BU",51.521273217841,-0.018095521982418
"E34BX",51.521579302657,-0.019177900196997
"E34BY",51.521579302657,-0.019177900196997
"E34BZ",51.519521456923,-0.027282530504751
"E34DA",51.519887831525,-0.021802970162811
"E34DB",51.519698360347,-0.020701141576253
"E34DD",51.518904090989,-0.020533761955792
"E34DE",51.5178873404,-0.021039151335345
"E34DF",51.519141043188,-0.028192758855001
"E34DH",51.52654825591,-0.022638871863347
"E34DJ",51.526564041096,-0.021974947119904
"E34DL",51.526973787659,-0.020673947138358
"E34DP",51.522890846053,-0.016958407202926
"E34DQ",51.524461635988,-0.016774809656633
"E34DS",51.526501568292,-0.019339113541334
"E34DT",51.526465634597,-0.019874148526956
"E34DW",51.519392899024,-0.02872968665663
"E34DY",51.519380279474,-0.02851399176466
"E34DZ",51.519231423282,-0.027684296288114
"E34EA",51.524790110449,-0.018649256589103
"E34ED",51.522003560828,-0.017141128700466
"E34EE",51.524899676447,-0.019278880796821
"E34EF",51.516488737512,-0.020234878725218
"E34EG",51.523057591606,-0.020440118225925
"E34EH",51.522391573489,-0.020411338751541
"E34EJ",51.522142137972,-0.02161875914392
"E34EL",51.52158032432,-0.021902613066925
"E34EN",51.521178323662,-0.02099737519935
"E34EP",51.521906999552,-0.020475607364054
"E34ER",51.521605318311,-0.020185941099872
"E34ES",51.522616225014,-0.019334733905624
"E34ET",51.52231500993,-0.018540457619198
"E34EU",51.520970870457,-0.019896298954038
"E34EW",51.521412708939,-0.020497045932465
"E34EX",51.521355297124,-0.017630625298705
"E34EY",51.52201356748,-0.018265208038569
"E34EZ",51.523452039193,-0.019831899448734
"E34FF",51.516550905734,-0.019655577826284
"E34FG",51.516550905734,-0.019655577826284
"E34FS",51.516550905734,-0.019655577826284
"E34FT",51.518101826072,-0.023091283551822
"E34FX",51.52355292201,-0.02955921328525
"E34FY",51.523545319587,-0.030712926100376
"E34FZ",51.524036467935,-0.030504305222347
"E34GA",51.518608002759,-0.020575433852869
"E34GB",51.518719242315,-0.020239046436413
"E34GD",51.519152105307,-0.022440325661978
"E34GF",51.523945512757,-0.032050895669636
"E34GG",51.520995810703,-0.027781049899681
"E34GH",51.520177738399,-0.027801982870053
"E34GJ",51.517864978694,-0.025047636993921
"E34GL",51.517488234183,-0.02564055331381
"E34GN",51.518201637432,-0.024744758243605
"E34GP",51.518201637432,-0.024744758243605
"E34GQ",51.518511069884,-0.025495401330624
"E34GR",51.517202876048,-0.030063979786383
"E34GS",51.522991119443,-0.02930954396152
"E34GW",51.520308205476,-0.027003449492882
"E34GX",51.520308205476,-0.027003449492882
"E34GZ",51.520105574411,-0.028324085111717
"E34HA",51.522984922498,-0.018799715121293
"E34HB",51.523666967807,-0.018712436490765
"E34HD",51.524550379765,-0.018832676804536
"E34HE",51.522356272859,-0.017788984496697
"E34HF",51.523306527968,-0.019203853981763
"E34HG",51.520948998833,-0.03088261764807
"E34HH",51.520966376534,-0.0287049775171
"E34HJ",51.521124212985,-0.029534319902589
"E34HL",51.518805700511,-0.030715596386585
"E34HN",51.520438123301,-0.027776315308248
"E34HQ",51.520914330072,-0.029889376590121
"E34HR",51.519647519237,-0.027291498146594
"E34HS",51.519884598092,-0.026949679927771
"E34HT",51.520121191081,-0.026579046649323
"E34HW",51.520438123301,-0.027776315308248
"E34HY",51.519683929972,-0.02785215205002
"E34JA",51.519784545752,-0.026348527703845
"E34JB",51.519637516159,-0.028301055845857
"E34JD",51.520466214415,-0.029447396558059
"E34JE",51.520365206193,-0.028788607493329
"E34JF",51.518796114754,-0.028539223063477
"E34JG",51.520678900269,-0.030865437707426
"E34JH",51.520067843457,-0.029825000871694
"E34JJ",51.520914330072,-0.029889376590121
"E34JL",51.520794969414,-0.031350588910084
"E34JN",51.520941907659,-0.031531665284687
"E34JQ",51.520236871928,-0.030250192547999
"E34JR",51.519264386958,-0.029110051700333
"E34JS",51.518196881493,-0.028738091754991
"E34JT",51.519568763408,-0.03223960749246
"E34JU",51.519564078725,-0.029817913534855
"E34JW",51.525735992692,-0.025139548694517
"E34JX",51.519211809703,-0.025984062412855
"E34JY",51.519454487855,-0.024906781252781
"E34LA",51.517559571819,-0.027742119391078
"E34LB",51.51764796544,-0.028185179042291
"E34LD",51.51764796544,-0.028185179042291
"E34LE",51.51590381391,-0.030898443455352
"E34LF",51.516326694494,-0.030909032261883
"E34LG",51.518093470356,-0.027401907959293
"E34LH",51.525364480352,-0.028716844784899
"E34LJ",51.525638820269,-0.02577814501683
"E34LN",51.526165199556,-0.0244577391037
"E34LQ",51.525437728425,-0.024518068187364
"E34LR",51.525146953559,-0.025943602336457
"E34LS",51.524268665705,-0.025058871613529
"E34LT",51.524879536036,-0.025551473586825
"E34LU",51.525512241355,-0.026807294604294
"E34LW",51.52584431145,-0.025697164680457
"E34LX",51.524951201752,-0.025000497949269
"E34LY",51.525666994272,-0.025849016067918
"E34LZ",51.524670620148,-0.026497661161405
"E34NA",51.526191685269,-0.023360812632782
"E34NB",51.525805239494,-0.023377551893061
"E34ND",51.525629134593,-0.024134914787602
"E34NE",51.525406892589,-0.0232217913633
"E34NG",51.524588085364,-0.024266495259295
"E34NJ",51.524566199407,-0.025637118584658
"E34NL",51.524432833089,-0.026262845139088
"E34NP",51.52429536653,-0.01970880158188
"E34NQ",51.524588085364,-0.024266495259295
"E34NR",51.526323321797,-0.021033780261121
"E34NS",51.525488018488,-0.022165767813295
"E34NT",51.526193863401,-0.021356594107839
"E34NU",51.525330585125,-0.019764803661999
"E34NW",51.524261122209,-0.025679152402803
"E34NX",51.526026738289,-0.020513172221128
"E34NY",51.526844087205,-0.020982358807623
"E34NZ",51.525755378677,-0.026825617351136
"E34PA",51.525715435025,-0.029263986025427
"E34PB",51.525283672868,-0.031402056828229
"E34PE",51.526119201333,-0.034566833960509
"E34PG",51.525325981407,-0.025359142732755
"E34PH",51.524801065317,-0.031048015328584
"E34PL",51.524110042688,-0.033817150780468
"E34PN",51.524418623109,-0.029161394887959
"E34PP",51.525093355013,-0.029708966955932
"E34PQ",51.525180489342,-0.025264513495456
"E34PR",51.524792598432,-0.030543761134752
"E34PS",51.525238061746,-0.024944829410701
"E34PT",51.525416604899,-0.023798087106047
"E34PU",51.523692778579,-0.030389381295121
"E34PX",51.523243756796,-0.028822866692552
"E34PY",51.522501939879,-0.029099995252643
"E34PZ",51.5248875727,-0.024426542036498
"E34QA",51.517198256933,-0.022842109563476
"E34QB",51.521366139904,-0.029480625220875
"E34QD",51.525238874306,-0.029270148751151
"E34QE",51.52158736497,-0.030336075155753
"E34QF",51.521376511979,-0.030633507154224
"E34QG",51.521179187405,-0.027989374347887
"E34QH",51.521373534884,-0.027245729197822
"E34QJ",51.52427170826,-0.028446862626086
"E34QL",51.524410173711,-0.028123693781996
"E34QN",51.524065755464,-0.027965565960733
"E34QQ",51.520954774108,-0.027480076788118
"E34QS",51.524249386472,-0.034618528502933
"E34QU",51.526009852244,-0.035018504059984
"E34QW",51.517015815342,-0.020024620668938
"E34QY",51.525797056673,-0.035200683190881
"E34QZ",51.520062866318,-0.02738887630671
"E34RB",51.524117178691,-0.035316261175862
"E34RD",51.520062866318,-0.02738887630671
"E34RL",51.519559340714,-0.034359171779108
"E34RR",51.518919077745,-0.034257001623484
"E34RS",51.520380554366,-0.03452563360038
"E34RT",51.520072575793,-0.034394733817433
"E34SE",51.520806575199,-0.032042077367533
"E34SJ",51.529720379855,-0.027288599684871
"E34SP",51.524290892754,-0.032266682544942
"E34SR",51.523367191525,-0.031888409609822
"E34SS",51.524575097512,-0.032052581257723
"E34SU",51.52459733521,-0.03016291174763
"E34SW",51.524214926722,-0.031491412222485
"E34SX",51.524390316732,-0.031224330436062
"E34SY",51.522646042619,-0.031789755344739
"E34SZ",51.522779026803,-0.03006838969569
"E34TA",51.522241040239,-0.029630270341977
"E34TD",51.523480195317,-0.031119420257651
"E34TE",51.522147713931,-0.030499311419758
"E34TF",51.522501939879,-0.029099995252643
"E34TG",51.522099800606,-0.031395223666053
"E34TH",51.522156867195,-0.031580181412735
"E34TL",51.522858549631,-0.032126600773779
"E34TN",51.522032214014,-0.032191064342542
"E34TQ",51.522128735469,-0.030975886729298
"E34TT",51.523157455155,-0.03010972376743
"E34TU",51.523522830872,-0.032588145130348
"E34TW",51.522032214014,-0.032191064342542
"E34TX",51.523157455155,-0.03010972376743
"E34TY",51.523338682756,-0.029654966761196
"E34TZ",51.523338682756,-0.029654966761196
"E34UA",51.523711803014,-0.032594415867821
"E34UE",51.524985223397,-0.02381676811769
"E34UF",51.524985223397,-0.02381676811769
"E34UJ",51.525638820269,-0.02577814501683
"E34UR",51.523613835933,-0.021425204687971
"E34UY",51.519206959683,-0.025695953278333
"E34UZ",51.519158883018,-0.02497723628983
"E34XA",51.52421087816,-0.023230346225738
"E34XB",51.524558215898,-0.021960965867232
"E34XD",51.524912596756,-0.021642832353789
"E34XE",51.523866210997,-0.022524404611601
"E34XF",51.523765166412,-0.022399026451546
"E34XG",51.523709543996,-0.022833957986334
"E34XH",51.524514247684,-0.021487089863979
"E34XJ",51.524208447735,-0.02201937886434
"E34XL",51.523563319822,-0.022162678588218
"E34XN",51.523345930268,-0.022604617665587
"E34XP",51.524031621298,-0.022200052687331
"E34XQ",51.523489481128,-0.022583980481769
"E34XR",51.523883210961,-0.021932553378812
"E34XS",51.523658290299,-0.021927884950818
"E34XT",51.523079959601,-0.022298963855321
"E34XW",51.523029923888,-0.022531806691716
"E35AA",51.52667558815,-0.032884766382309
"E35AB",51.527082176631,-0.029781696350754
"E35AD",51.526541737744,-0.029732939230876
"E35AE",51.526036454304,-0.030706349872337
"E35AF",51.527520094147,-0.030152089381185
"E35AG",51.527092305368,-0.03092031483011
"E35AH",51.527711209128,-0.030821514287758
"E35AJ",51.525357904008,-0.03260995621007
"E35AL",51.52809934991,-0.030905695042318
"E35AN",51.52754404339,-0.031578493908947
"E35AP",51.526128183554,-0.031884677226614
"E35AQ",51.525689584063,-0.030937588688741
"E35AR",51.525702511427,-0.033315998425966
"E35AS",51.527001495017,-0.033548381462569
"E35AT",51.527488009778,-0.033599507914581
"E35AU",51.527068702271,-0.03433849795271
"E35AW",51.5270127044,-0.033144183288107
"E35AX",51.525954827732,-0.033881846668772
"E35AY",51.525906243297,-0.030985912106069
"E35AZ",51.526434528996,-0.034063033285061
"E35BA",51.535341325196,-0.029958584384297
"E35BB",51.535405959976,-0.029523161324167
"E35BD",51.526349487249,-0.034355060763296
"E35BE",51.527404177043,-0.038260301145338
"E35BF",51.535526358593,-0.030801438103492
"E35BG",51.535245160026,-0.029587791168516
"E35BH",51.528302000149,-0.037630530735037
"E35BJ",51.525725568428,-0.030402570156267
"E35BL",51.535109111999,-0.030055138439971
"E35BN",51.529080884288,-0.030978689238874
"E35BP",51.52826694483,-0.033926409642929
"E35BQ",51.530347376708,-0.033562793212756
"E35BS",51.527646668149,-0.035553599595687
"E35BT",51.528485052087,-0.034061200408471
"E35BU",51.528246819773,-0.035945906550967
"E35BW",51.52916584167,-0.031753653396723
"E35BX",51.52931240375,-0.033520883551799
"E35BY",51.530206964218,-0.033770716529303
"E35BZ",51.529872886965,-0.034765625588106
"E35DA",51.528901065692,-0.034735387735854
"E35DB",51.528691946345,-0.034600205440199
"E35DD",51.528971701085,-0.035193753802457
"E35DE",51.529555867124,-0.035168598481151
"E35DF",51.529182992023,-0.035458617809324
"E35DG",51.535009978521,-0.03057857289382
"E35DH",51.535481759588,-0.029217044370816
"E35DJ",51.529971511006,-0.036895438124586
"E35DN",51.530257644968,-0.034648117167015
"E35DP",51.530103968424,-0.03621202876624
"E35DQ",51.529686456725,-0.035984871486784
"E35DR",51.530724304895,-0.034051232699974
"E35DS",51.529752483725,-0.034021009999497
"E35DT",51.528811021429,-0.036339770731573
"E35DU",51.526842038099,-0.034766393784225
"E35DW",51.530117539285,-0.036485412749821
"E35DX",51.530047346842,-0.031225368727957
"E35DY",51.52948409463,-0.036253127216804
"E35DZ",51.52911242282,-0.036615180655127
"E35EA",51.529668396685,-0.031688716664594
"E35EB",51.530369952775,-0.030620250189238
"E35ED",51.531705711699,-0.029293641576827
"E35EE",51.531195244684,-0.031565167911215
"E35EF",51.530716061024,-0.030879282615355
"E35EG",51.530531847479,-0.032228247678998
"E35EH",51.532701881945,-0.028096994502007
"E35EJ",51.531417948821,-0.031973733440886
"E35EL",51.532676131886,-0.028170208476531
"E35EN",51.528395554899,-0.037309293066109
"E35EP",51.527334678714,-0.031428921963035
"E35EQ",51.531837128865,-0.029086085981959
"E35ER",51.53250510949,-0.028696725355881
"E35ES",51.532145866473,-0.028726667827009
"E35ET",51.529808268686,-0.028236472987278
"E35EU",51.532412597988,-0.028008557217447
"E35EX",51.530629462852,-0.028936381189355
"E35EY",51.530091956496,-0.028527020271855
"E35EZ",51.530174076262,-0.02806205093347
"E35FF",51.531692548158,-0.03011614354693
"E35FG",51.530355176261,-0.037787355674332
"E35FX",51.531807444757,-0.029995823307577
"E35FY",51.531837128865,-0.029086085981959
"E35GB",51.531732817864,-0.03090749904703
"E35GN",51.536232712857,-0.030554626011374
"E35GP",51.53607730176,-0.029869114799912
"E35GW",51.527545361545,-0.03005006859683
"E35HA",51.53095108774,-0.028273602219038
"E35HB",51.530540631866,-0.027397329864062
"E35HD",51.531633200825,-0.02658583840565
"E35HE",51.531243808745,-0.027496705354743
"E35HF",51.530715302287,-0.026553442368028
"E35HG",51.531031918692,-0.029337165082715
"E35HH",51.531389009927,-0.028644011039669
"E35HJ",51.531389009927,-0.028644011039669
"E35HL",51.530383952474,-0.027706912769095
"E35HP",51.530156851117,-0.027572535733546
"E35HQ",51.530843285808,-0.02721120917317
"E35HR",51.531190892304,-0.026489611989693
"E35HS",51.531537251777,-0.026763026675204
"E35HT",51.532255978962,-0.026717520928061
"E35HU",51.531504728644,-0.02589924344693
"E35HY",51.531140137139,-0.02614573425414
"E35HZ",51.534141950928,-0.02923166311029
"E35JA",51.534395255718,-0.029855232768357
"E35JB",51.533626750034,-0.029614431859626
"E35JD",51.530803789364,-0.03021219472951
"E35JE",51.529919237059,-0.02895264372017
"E35JF",51.530356430816,-0.029279823996354
"E35JG",51.529807668584,-0.030341715046137
"E35JH",51.531085811273,-0.029868365910905
"E35JJ",51.534793866704,-0.029491917117286
"E35JL",51.532159361877,-0.030600688804551
"E35JN",51.53218479817,-0.031580153293235
"E35JP",51.534494010429,-0.031451673096186
"E35JQ",51.533387866313,-0.031456142485791
"E35JR",51.532538211125,-0.034420093635835
"E35JS",51.533996050923,-0.03179041404724
"E35JT",51.533996050923,-0.03179041404724
"E35JU",51.533996050923,-0.03179041404724
"E35JW",51.532697307305,-0.031572460725075
"E35JX",51.533784063425,-0.030948747932461
"E35JY",51.53354483315,-0.030627402716429
"E35JZ",51.533588834088,-0.030034263490787
"E35LA",51.533910192554,-0.029890601346585
"E35LB",51.533766213852,-0.028815278553114
"E35LD",51.533081953694,-0.029306294241854
"E35LF",51.533276791573,-0.028591278911201
"E35LG",51.53311087995,-0.028886855050995
"E35LH",51.532614917768,-0.028273795456432
"E35LJ",51.534125966226,-0.02828059040886
"E35LL",51.532927235426,-0.029197615333746
"E35LN",51.534173206914,-0.030557014294763
"E35LP",51.534376611982,-0.028745641460589
"E35LQ",51.534411261802,-0.030272743059966
"E35LR",51.531631019578,-0.03127238913705
"E35LS",51.532862903971,-0.032329589010182
"E35LT",51.533122475255,-0.033327816689698
"E35LU",51.531422300723,-0.032233102003524
"E35LW",51.53459898983,-0.030740523817278
"E35LX",51.531648144623,-0.032828995600551
"E35LY",51.531887738669,-0.031564130065727
"E35LZ",51.531821317303,-0.032965728020073
"E35NA",51.531984439627,-0.034112292535693
"E35NB",51.53291229076,-0.03420209307907
"E35ND",51.53291229076,-0.03420209307907
"E35NE",51.532326328568,-0.035193486197119
"E35NF",51.532047297911,-0.034643123504493
"E35NG",51.529720379855,-0.027288599684871
"E35NH",51.533343511058,-0.035784175873557
"E35NJ",51.533521379992,-0.035127597393071
"E35NL",51.533521379992,-0.035127597393071
"E35NN",51.532925088813,-0.034965815614427
"E35NP",51.533949570004,-0.035455249226746
"E35NQ",51.534694454572,-0.033750355903092
"E35NR",51.533901602726,-0.034202725053514
"E35NS",51.531887738669,-0.031564130065727
"E35NT",51.535618577912,-0.0277257573016
"E35NU",51.533283712799,-0.033825579215946
"E35NW",51.532925088813,-0.034965815614427
"E35NX",51.532610932317,-0.033393128747527
"E35NY",51.534122312791,-0.035029611736875
"E35NZ",51.534425997535,-0.03436759784375
"E35PA",51.535797145809,-0.03139543827046
"E35PB",51.535571944609,-0.03190989552806
"E35PD",51.535440522618,-0.032117460411205
"E35PE",51.535329250287,-0.032453944204199
"E35PF",51.535561545148,-0.031290236739697
"E35PG",51.532428136191,-0.032146458776533
"E35PH",51.535382286126,-0.031326815085069
"E35PJ",51.535582905659,-0.031491210433981
"E35PL",51.535687979243,-0.02917929283507
"E35PN",51.53629474488,-0.028893493809724
"E35PQ",51.533829318977,-0.03310987786147
"E35PR",51.53530373919,-0.02879210442605
"E35PS",51.534919587912,-0.031087206783043
"E35PT",51.535004862701,-0.030809528622511
"E35PW",51.536195427186,-0.028335354302144
"E35PY",51.536048432915,-0.029221404841081
"E35PZ",51.536048432915,-0.029221404841081
"E35QA",51.535128873822,-0.03230395600526
"E35QD",51.532311167293,-0.033752132132371
"E35QE",51.532476171111,-0.032865393167883
"E35QF",51.532201964292,-0.032603235504905
"E35QG",51.530260255816,-0.032658124313316
"E35QH",51.529562882917,-0.032904481668476
"E35QJ",51.531069681335,-0.034267065481122
"E35QL",51.530565629441,-0.036927553536401
"E35QN",51.530796281108,-0.035663125422351
"E35QP",51.530713521992,-0.03501780816103
"E35QQ",51.53015917685,-0.033066225702044
"E35QR",51.530822334771,-0.03721932001994
"E35QS",51.531246903069,-0.035182292795692
"E35QT",51.530462606482,-0.037220375761366
"E35QU",51.532069746278,-0.035983215735419
"E35QW",51.530617684896,-0.036276434945286
"E35QX",51.532225723637,-0.035630420113749
"E35QY",51.532777680519,-0.03690447358074
"E35QZ",51.533118710725,-0.036860958409929
"E35RA",51.531758029497,-0.036703209295443
"E35RB",51.531960633668,-0.036449351461172
"E35RD",51.531150823128,-0.036426524710971
"E35RE",51.531530327191,-0.037607036520289
"E35RF",51.531585521425,-0.03714322777108
"E35RG",51.532300505475,-0.037948830261221
"E35RH",51.531526815449,-0.038472376473105
"E35RJ",51.531455951527,-0.037999569991374
"E35RL",51.529839111478,-0.032214865985632
"E35RP",51.528701842468,-0.037339375090912
"E35RQ",51.530255284417,-0.038267492286703
"E35RT",51.532265861288,-0.039103923992425
"E35RX",51.530111536197,-0.033443183272834
"E35RY",51.536702769658,-0.029625778936102
"E35RZ",51.536856547851,-0.029143226324401
"E35SA",51.531935669326,-0.041410886151677
"E35SB",51.534744402014,-0.031902335199246
"E35SL",51.53212071079,-0.040105142601276
"E35SN",51.531443703257,-0.040494719766197
"E35SP",51.532029715526,-0.041118449434894
"E35SS",51.531600977218,-0.041295475661818
"E35SX",51.531826025732,-0.043463219036411
"E35TA",51.533224015278,-0.037779329635116
"E35TB",51.532742182142,-0.039083451185087
"E35TD",51.531698945778,-0.039085030322242
"E35TE",51.531502745654,-0.038646448988566
"E35TG",51.53085494539,-0.038631038200855
"E35TH",51.530099127954,-0.038072335237252
"E35TL",51.529971379048,-0.037962473810006
"E35TN",51.528844495895,-0.036727642315479
"E35TW",51.529276057588,-0.037256999126297
"E35UE",51.529720379855,-0.027288599684871
"E35UL",51.529720379855,-0.027288599684871
"E35UR",51.529720379855,-0.027288599684871
"E35XB",51.529720379855,-0.027288599684871
"E39AF",51.529720379855,-0.027288599684871
"E39AL",51.529720379855,-0.027288599684871
"E39AQ",51.529720379855,-0.027288599684871
"E39AY",51.529720379855,-0.027288599684871
"E39BG",51.529720379855,-0.027288599684871
"E39BH",51.529720379855,-0.027288599684871
"E39BQ",51.529720379855,-0.027288599684871
"E39BS",51.529720379855,-0.027288599684871
"E39BU",51.529720379855,-0.027288599684871
"E39BX",51.529720379855,-0.027288599684871
"E39DA",51.529720379855,-0.027288599684871
