"HS12AA",58.208565287677,-6.378950162599
"HS12AD",58.209215081647,-6.3851650828877
"HS12AE",58.207189029921,-6.385494256399
"HS12AF",58.221456852424,-6.3833192519537
"HS12AG",58.210632452101,-6.3792562212657
"HS12BA",58.208370088795,-6.3895935660323
"HS12BB",58.208126303167,-6.3846557357919
"HS12BD",58.208624570299,-6.388994512324
"HS12BE",58.208515739435,-6.3879756531624
"HS12BG",58.208487311962,-6.3882788745567
"HS12BJ",58.208499770309,-6.3866104168452
"HS12BN",58.208466841761,-6.3849533957477
"HS12BQ",58.208499770309,-6.3866104168452
"HS12BS",58.207336759701,-6.3835528773293
"HS12BT",58.207128430936,-6.3835953215981
"HS12BW",58.209504054896,-6.3778048845579
"HS12DA",58.209082122571,-6.3869379738375
"HS12DB",58.208657478881,-6.386732144283
"HS12DD",58.209682970346,-6.3872507860044
"HS12DF",58.209854890768,-6.3880048100548
"HS12DG",58.210814376402,-6.3873053746165
"HS12DH",58.210268434468,-6.3869652510882
"HS12DJ",58.214467705272,-6.3843822076391
"HS12DL",58.210303945709,-6.3820105254538
"HS12DP",58.208625534464,-6.38556942111
"HS12DR",58.20991777688,-6.3867003883184
"HS12DS",58.211027766841,-6.3868545661125
"HS12DT",58.211736089306,-6.3871806756073
"HS12DU",58.212621001167,-6.3865571838052
"HS12DX",58.21369222884,-6.3852238189603
"HS12DY",58.213414602479,-6.3867574957327
"HS12DZ",58.214782542309,-6.3846426591339
"HS12EB",58.213453735048,-6.3864044246083
"HS12ED",58.211158996822,-6.387484294216
"HS12EG",58.217679461752,-6.383313013904
"HS12EH",58.218063264635,-6.3854910773866
"HS12EJ",58.218712405822,-6.3864917457541
"HS12EP",58.220631234268,-6.3963261585703
"HS12EU",58.220249952989,-6.3859828604177
"HS12EW",58.220130740494,-6.3910138607988
"HS12EX",58.21917326181,-6.3864293773152
"HS12EY",58.219014166459,-6.3845176301956
"HS12EZ",58.219116785846,-6.385195095019
"HS12FA",58.209504054896,-6.3778048845579
"HS12FB",58.209504054896,-6.3778048845579
"HS12FD",58.209504054896,-6.3778048845579
"HS12FE",58.209504054896,-6.3778048845579
"HS12FF",58.209504054896,-6.3778048845579
"HS12FG",58.209504054896,-6.3778048845579
"HS12FH",58.209504054896,-6.3778048845579
"HS12FJ",58.209504054896,-6.3778048845579
"HS12FL",58.209504054896,-6.3778048845579
"HS12FP",58.209504054896,-6.3778048845579
"HS12FQ",58.209504054896,-6.3778048845579
"HS12FR",58.209504054896,-6.3778048845579
"HS12GA",58.209504054896,-6.3778048845579
"HS12GB",58.209504054896,-6.3778048845579
"HS12GD",58.209504054896,-6.3778048845579
"HS12GE",58.209504054896,-6.3778048845579
"HS12GF",58.209504054896,-6.3778048845579
"HS12GG",58.209504054896,-6.3778048845579
"HS12GH",58.209504054896,-6.3778048845579
"HS12GJ",58.209504054896,-6.3778048845579
"HS12GL",58.209504054896,-6.3778048845579
"HS12GN",58.209504054896,-6.3778048845579
"HS12GP",58.209504054896,-6.3778048845579
"HS12GQ",58.209504054896,-6.3778048845579
"HS12GR",58.209504054896,-6.3778048845579
"HS12GS",58.209504054896,-6.3778048845579
"HS12GT",58.209504054896,-6.3778048845579
"HS12GU",58.209504054896,-6.3778048845579
"HS12GW",58.209504054896,-6.3778048845579
"HS12GY",58.209504054896,-6.3778048845579
"HS12GZ",58.209504054896,-6.3778048845579
"HS12HA",58.218710844848,-6.3860142736701
"HS12HB",58.218273146892,-6.3851420077433
"HS12HD",58.217963365569,-6.384473061716
"HS12HE",58.218046466297,-6.3831026536116
"HS12HF",58.217589973003,-6.3804213413925
"HS12HG",58.218546064069,-6.3829597979867
"HS12HH",58.219030053835,-6.3819627215059
"HS12HJ",58.218132717743,-6.379022418948
"HS12HL",58.217674153812,-6.381897611062
"HS12HN",58.217128327234,-6.380245060347
"HS12HP",58.215860655416,-6.3807533692254
"HS12HQ",58.2185639484,-6.3821779097776
"HS12HR",58.216527203422,-6.3788925439697
"HS12HT",58.215312467196,-6.3828332671943
"HS12HU",58.216728522997,-6.3827183404452
"HS12HY",58.216622731926,-6.3810860387792
"HS12JA",58.210011387575,-6.3842409364213
"HS12JB",58.210070980722,-6.384861789113
"HS12JD",58.210620245734,-6.3856283328821
"HS12JE",58.210846071852,-6.3842928747837
"HS12JF",58.20994943079,-6.3829040536458
"HS12JG",58.211132489899,-6.3848565444206
"HS12JH",58.212413633494,-6.3855260467772
"HS12JJ",58.212948459901,-6.3846206648428
"HS12JL",58.212279074866,-6.3844698286338
"HS12JN",58.211904479776,-6.384900757357
"HS12JP",58.208565287677,-6.378950162599
"HS12JQ",58.211670471518,-6.3864738330294
"HS12JR",58.21194647893,-6.3828949400178
"HS12JS",58.213166308925,-6.3837783760462
"HS12JT",58.213178586558,-6.3842059670896
"HS12JU",58.213074970776,-6.3830342513746
"HS12JW",58.211237813002,-6.3844094153928
"HS12JX",58.214181305287,-6.384602490299
"HS12JY",58.213992620538,-6.3838122344099
"HS12JZ",58.210894386462,-6.3857644453125
"HS12LA",58.214467482108,-6.3833425192253
"HS12LB",58.215745489712,-6.383057170739
"HS12LD",58.21740889232,-6.3773138538218
"HS12LE",58.216608922394,-6.3780844837325
"HS12LF",58.215775555162,-6.3774703810707
"HS12LG",58.215065572793,-6.3787633873493
"HS12LH",58.21462643451,-6.380549938276
"HS12LJ",58.217571384288,-6.3788679461651
"HS12LL",58.214119256999,-6.3809134436906
"HS12LP",58.213113441903,-6.3811301902136
"HS12LQ",58.215586255801,-6.379577551788
"HS12LR",58.212439799662,-6.3816265136078
"HS12LS",58.211128743113,-6.3831348379773
"HS12LU",58.215303556383,-6.3844002169107
"HS12LW",58.213070446765,-6.3818577303822
"HS12NA",58.208923794121,-6.3844815538539
"HS12NB",58.209280293863,-6.3845766964955
"HS12ND",58.20912177497,-6.3834324133487
"HS12NE",58.213314678225,-6.3747468526462
"HS12NF",58.209586102522,-6.3824842989704
"HS12NG",58.209514962884,-6.3808906855554
"HS12NH",58.214217084945,-6.3743978792084
"HS12NJ",58.212017184942,-6.3795292699714
"HS12NL",58.213887596928,-6.3758741312429
"HS12NP",58.212585936631,-6.3750149539413
"HS12NQ",58.210874364689,-6.3808539085059
"HS12NS",58.214849052206,-6.3740666998457
"HS12NW",58.213546214869,-6.3732415060007
"HS12NX",58.215694856497,-6.3724835471293
"HS12NY",58.214715732231,-6.3711358138192
"HS12NZ",58.214515693065,-6.3691000506636
"HS12PA",58.212102201277,-6.3707629233271
"HS12PB",58.212761273308,-6.369378389524
"HS12PG",58.215400866786,-6.3695157799678
"HS12PH",58.213914565394,-6.368531820486
"HS12PJ",58.212893983023,-6.3702298150182
"HS12PL",58.213395666128,-6.3697632367894
"HS12PN",58.211319492545,-6.3783695623034
"HS12PP",58.213981555162,-6.3699887387157
"HS12PQ",58.214622120499,-6.3673065336129
"HS12PR",58.213935131818,-6.370818142662
"HS12PS",58.212698176934,-6.3722678728628
"HS12PT",58.211817797333,-6.3745964998024
"HS12PU",58.208565287677,-6.378950162599
"HS12PY",58.211827049198,-6.3756372177223
"HS12PZ",58.210202432651,-6.3805153832813
"HS12QG",58.208684287142,-6.3835999388957
"HS12QH",58.208850928671,-6.3829388740744
"HS12QJ",58.209042650694,-6.3815481358798
"HS12QN",58.208546966665,-6.3821004404182
"HS12QP",58.220477881695,-6.399989241215
"HS12QQ",58.208325654878,-6.3838283174336
"HS12QR",58.221218825531,-6.3965012247239
"HS12QS",58.208375661797,-6.3828972531425
"HS12QT",58.207829634291,-6.3809894953471
"HS12QY",58.207274965259,-6.3816878729065
"HS12QZ",58.220452920408,-6.3923663058074
"HS12RA",58.20714006375,-6.3788084973318
"HS12RB",58.206925747035,-6.3795488687134
"HS12RD",58.207422915575,-6.3758102249315
"HS12RE",58.20595417045,-6.3792927364577
"HS12RF",58.207025339814,-6.3758634751407
"HS12RL",58.206468221337,-6.3750621205186
"HS12RN",58.205535288839,-6.3739418753098
"HS12RP",58.205488537421,-6.37373164695
"HS12RR",58.205225126612,-6.3722338471992
"HS12RS",58.202853462367,-6.3810572045676
"HS12RT",58.203677321236,-6.3746160933646
"HS12RW",58.205373432342,-6.3752509952656
"HS12RX",58.204871448623,-6.368646220706
"HS12RY",58.204002437443,-6.3695957122521
"HS12RZ",58.204017442972,-6.3683707901526
"HS12SA",58.209504054896,-6.3778048845579
"HS12SD",58.205651588421,-6.3697645404458
"HS12SE",58.20562189322,-6.3719419090514
"HS12SF",58.206047047061,-6.37134674898
"HS12SG",58.213339104632,-6.3622233150004
"HS12SH",58.207913734602,-6.3677935806343
"HS12SJ",58.207259677106,-6.3700816952014
"HS12SL",58.208480662455,-6.3701467523517
"HS12SQ",58.207598633432,-6.3685897920415
"HS12SS",58.208421163441,-6.364533090141
"HS12ST",58.21066198712,-6.3634451995881
"HS12SU",58.209016333761,-6.3613344116477
"HS12SX",58.208089249041,-6.3608286225061
"HS12TA",58.213018122734,-6.3791925817183
"HS12TB",58.213561065852,-6.3780494898699
"HS12TD",58.214522463875,-6.3775544796378
"HS12TE",58.215344354066,-6.3758832534631
"HS12TF",58.214449584994,-6.3767955773394
"HS12TG",58.214743476917,-6.3755705779213
"HS12TJ",58.222126656504,-6.3847657606457
"HS12TL",58.216639578022,-6.3727362668099
"HS12TN",58.216535681757,-6.3734052491271
"HS12TP",58.218905550077,-6.3800893672435
"HS12TQ",58.215848531313,-6.3748204836259
"HS12TR",58.21939515948,-6.3831157836503
"HS12TS",58.220542194684,-6.3855928095974
"HS12TT",58.221618111355,-6.3856916629417
"HS12TU",58.221125120842,-6.3890401164094
"HS12TW",58.217709928473,-6.3753566988233
"HS12TX",58.221562039848,-6.3881054170874
"HS12TY",58.222460775892,-6.3941320345081
"HS12TZ",58.2221565283,-6.3927817140775
"HS12UA",58.221695518991,-6.3918041064623
"HS12UB",58.221987218177,-6.3906468908883
"HS12UD",58.216609610792,-6.3712497013893
"HS12UE",58.219432586411,-6.37285874477
"HS12UF",58.220473922809,-6.3778964082319
"HS12UG",58.219367028494,-6.3807940597402
"HS12UH",58.222748804114,-6.3928209281417
"HS12UJ",58.223219636135,-6.391685853369
"HS12UL",58.213646123067,-6.3592955572693
"HS12UN",58.213072651311,-6.3589695042218
"HS12UP",58.212832236164,-6.3591615414517
"HS12UQ",58.220777964738,-6.3847525620289
"HS12UR",58.21294606433,-6.3571474443164
"HS12UT",58.214234772451,-6.3604926917432
"HS12UU",58.214216341967,-6.3581384595274
"HS12UX",58.212201764938,-6.3549769509143
"HS12UY",58.220178033758,-6.3825817455354
"HS12UZ",58.213971712113,-6.3595059666115
"HS12WS",58.208565287677,-6.378950162599
"HS12WU",58.208565287677,-6.378950162599
"HS12XA",58.208550177865,-6.3901100124592
"HS12XB",58.209159791975,-6.3854649943948
"HS12XD",58.208783253545,-6.3864750275166
"HS12XE",58.208990027895,-6.3867391448404
"HS12XF",58.208785594626,-6.3879749180251
"HS12XG",58.208760088044,-6.3881932980739
"HS12XH",58.208565287677,-6.378950162599
"HS12XJ",58.208749180912,-6.3887713414407
"HS12XN",58.208744481388,-6.3904748534737
"HS12XP",58.208677318016,-6.3900746084207
"HS12XQ",58.208989057225,-6.3878126093302
"HS12XS",58.208249552469,-6.3904818226414
"HS12XT",58.207523910638,-6.3901365004373
"HS12XX",58.208189401982,-6.389877962216
"HS12XY",58.208189401982,-6.389877962216
"HS12YA",58.222691976016,-6.3816647574008
"HS12YB",58.222204282745,-6.3825080551167
"HS12YD",58.223586337203,-6.3854745965556
"HS12YE",58.223651959471,-6.3869658870639
"HS12YF",58.22346523765,-6.3879486364217
"HS12YG",58.222515882183,-6.3870470727681
"HS12YH",58.222608749994,-6.3859163658143
"HS12YJ",58.222677872554,-6.3873057634122
"HS12YL",58.222631909016,-6.3889025547808
"HS12YN",58.222811958018,-6.3909875919572
"HS12YP",58.223311601578,-6.389276426301
"HS12YR",58.223223188958,-6.3837419855967
"HS12YS",58.222364373381,-6.3841302804439
"HS12YT",58.221311060297,-6.3943476775492
"HS12YU",58.220714002473,-6.3926202231446
"HS12YW",58.222930766121,-6.3893657072061
"HS12ZB",58.208565287677,-6.378950162599
"HS19AA",58.208565287677,-6.378950162599
"HS19AD",58.208565287677,-6.378950162599
"HS19AE",58.208565287677,-6.378950162599
"HS19AH",58.208565287677,-6.378950162599
"HS19AL",58.208565287677,-6.378950162599
"HS20AA",58.219398944802,-6.3485984890348
"HS20AB",58.214042340334,-6.3342227666762
"HS20AD",58.208496612472,-6.3515404706168
"HS20AE",58.202391315674,-6.3567556021336
"HS20AG",58.20479291562,-6.3506947823308
"HS20AH",58.193544705634,-6.3403068515455
"HS20AL",58.205304048636,-6.3452027309672
"HS20AN",58.202602627027,-6.3426573735531
"HS20AP",58.202628293712,-6.3503444480069
"HS20AQ",58.195421336518,-6.3530561612019
"HS20AR",58.203012625053,-6.3398622080949
"HS20AS",58.202979367954,-6.337932890707
"HS20AT",58.202300409808,-6.3393833296062
"HS20AU",58.2020441198,-6.3387216431049
"HS20AW",58.20557165995,-6.338931071495
"HS20AX",58.201979416167,-6.3400937504368
"HS20AY",58.202299773156,-6.3367595060602
"HS20AZ",58.198803177095,-6.3284962787956
"HS20BB",58.210189708236,-6.3152289771646
"HS20BD",58.209901552109,-6.3194882298032
"HS20BG",58.210919593676,-6.3154540070002
"HS20BN",58.214391740267,-6.3207503115962
"HS20BP",58.194850241079,-6.263799117905
"HS20BQ",58.205363539705,-6.3106044512815
"HS20BR",58.218375166744,-6.4095639635328
"HS20BS",58.206929507036,-6.2632386089219
"HS20BT",58.219160948612,-6.4107695831486
"HS20BW",58.20282572269,-6.2676186011797
"HS20DB",58.21923983451,-6.4058871367174
"HS20DD",58.216019616452,-6.4110951333107
"HS20DE",58.214097075279,-6.416225030657
"HS20DF",58.218083691034,-6.4146073569131
"HS20DG",58.218634393384,-6.4150679062362
"HS20DH",58.221365866178,-6.4120323423043
"HS20DJ",58.218430952642,-6.4199006740581
"HS20DL",58.220812575196,-6.41554342692
"HS20DN",58.22512669872,-6.4062770383852
"HS20DP",58.225526923706,-6.3938979372892
"HS20DR",58.227655304859,-6.391382336305
"HS20DS",58.226273988115,-6.3860454398174
"HS20DT",58.230973249051,-6.3838299153043
"HS20DU",58.237709633507,-6.3817461005566
"HS20DW",58.229378994894,-6.4058161605532
"HS20DX",58.219338416759,-6.4079790099691
"HS20DY",58.23187725431,-6.3886650294469
"HS20DZ",58.233612980951,-6.3991115182903
"HS20EA",58.237641953132,-6.3933861728583
"HS20EB",58.236173110523,-6.3890259796012
"HS20ED",58.242896456758,-6.3901992282568
"HS20EE",58.249038466686,-6.4004112209662
"HS20EF",58.247551497333,-6.397104744253
"HS20EG",58.224467725554,-6.3841684956345
"HS20EH",58.220331974041,-6.411238997166
"HS20EJ",58.250327045985,-6.3979949492552
"HS20EL",58.21359717223,-6.4158560615182
"HS20EP",58.242323034862,-6.1643074355833
"HS20ER",58.241814601751,-6.1641795256902
"HS20ES",58.24154750151,-6.1640970052938
"HS20EU",58.243172217431,-6.1586765831952
"HS20EW",58.228057433637,-6.1687877115279
"HS20EX",58.244983661656,-6.1624195961059
"HS20EY",58.247633641918,-6.160581407087
"HS20EZ",58.250658125215,-6.1602198171562
"HS20FS",58.225460838188,-6.3822282727734
"HS20GS",58.224724699482,-6.3829727470945
"HS20GT",58.231011236393,-6.3850793747414
"HS20HA",58.250752297113,-6.1529126321356
"HS20HB",58.261265609235,-6.1379508685185
"HS20HD",58.257865722389,-6.16174816388
"HS20HE",58.250757337802,-6.1698526800538
"HS20HF",58.246369925522,-6.3280408418244
"HS20HJ",58.245822060139,-6.3465333313725
"HS20HL",58.244005013951,-6.3502338324146
"HS20HP",58.245105684658,-6.3517164461336
"HS20HR",58.246439922454,-6.3545242912608
"HS20HS",58.244233699841,-6.3429953640378
"HS20HT",58.246369925522,-6.3280408418244
"HS20HU",58.24827754622,-6.335165678721
"HS20HW",58.244467446964,-6.3517063529928
"HS20HX",58.248129869244,-6.3434725938117
"HS20HY",58.241444618596,-6.3493569076192
"HS20HZ",58.239381559526,-6.3507753323676
"HS20JA",58.240571002834,-6.3515011434083
"HS20JB",58.240694024803,-6.3521131944755
"HS20JD",58.246274770651,-6.3535657851853
"HS20JF",58.243870479615,-6.3547034375919
"HS20JG",58.246851064301,-6.3519647727919
"HS20JH",58.253118199327,-6.1457004591786
"HS20JN",58.275107194059,-6.3045949061159
"HS20JP",58.274789760266,-6.3073390458882
"HS20JR",58.272662470703,-6.3042807512795
"HS20JS",58.274298443869,-6.2938951697979
"HS20JT",58.274229381057,-6.296481666749
"HS20JY",58.276018458666,-6.3013082387569
"HS20JZ",58.27670306366,-6.3050108097871
"HS20LA",58.277294865768,-6.2999949729196
"HS20LB",58.279811885758,-6.2994981019924
"HS20LD",58.285487099228,-6.3026975722222
"HS20LE",58.277337449279,-6.2931197159032
"HS20LF",58.282328433561,-6.3003500729134
"HS20LH",58.288862573702,-6.3034152429301
"HS20LJ",58.277724115667,-6.2885739093802
"HS20LN",58.277619707367,-6.2922149089381
"HS20LP",58.278288470742,-6.3201088149417
"HS20LQ",58.282874772184,-6.291332158842
"HS20LR",58.275834628927,-6.3253751605608
"HS20LS",58.268307061233,-6.3317274912217
"HS20LT",58.257291949924,-6.3313879656487
"HS20LW",58.256719145139,-6.3347477196044
"HS20NA",58.282326476912,-6.2814132483106
"HS20NB",58.297357955049,-6.2789097112677
"HS20ND",58.320773841984,-6.2293341262028
"HS20NE",58.346930035615,-6.2128962698019
"HS20NF",58.338192019404,-6.2201487181973
"HS20NG",58.341795547627,-6.2156020549117
"HS20NH",58.346509595598,-6.2125553299282
"HS20NJ",58.343210027216,-6.2076122140379
"HS20NL",58.348534315397,-6.2108808640537
"HS20NN",58.354521644587,-6.2166763360696
"HS20NP",58.337990850636,-6.205519997242
"HS20NQ",58.340616871039,-6.2005991384963
"HS20NR",58.340712041142,-6.2015339999578
"HS20NT",58.341050187921,-6.196169707148
"HS20NW",58.343821035066,-6.20434965275
"HS20PA",58.205816684249,-6.283823670585
"HS20PB",58.208482133878,-6.2754208670627
"HS20PD",58.208709804679,-6.2584085981116
"HS20PE",58.209692317573,-6.2529543221365
"HS20PF",58.210225778761,-6.2501724882369
"HS20PH",58.211798085676,-6.2464412534925
"HS20PJ",58.214757280877,-6.245891921435
"HS20PL",58.217154717238,-6.2335664737027
"HS20PN",58.218407138028,-6.2443172346449
"HS20PP",58.232218012812,-6.2055934304857
"HS20PQ",58.210370122399,-6.2471906719529
"HS20PR",58.21657488037,-6.2415417059888
"HS20PS",58.221288722652,-6.2225368596634
"HS20PT",58.234683670616,-6.1984512333944
"HS20PU",58.235529151327,-6.1992674667011
"HS20PW",58.220505731876,-6.2277106064028
"HS20PX",58.214873695187,-6.2310278635353
"HS20PY",58.219947576666,-6.2239283941859
"HS20PZ",58.231589813362,-6.2047346707594
"HS20QA",58.203849029172,-6.218504304012
"HS20QB",58.199425723624,-6.2241626927367
"HS20QD",58.194892539486,-6.2165722947278
"HS20QE",58.203840015035,-6.2190484131774
"HS20QF",58.202196790134,-6.22684318829
"HS20QG",58.209064883136,-6.2133475063806
"HS20QH",58.206381415515,-6.2000973572457
"HS20QN",58.352755410811,-6.53156899157
"HS20QQ",58.209384094206,-6.2121244567027
"HS20QR",58.357930959112,-6.5279205697172
"HS20QS",58.353848137427,-6.5215444661958
"HS20QW",58.356084664787,-6.5520364904158
"HS20QX",58.366839918348,-6.506432870646
"HS20QY",58.357759486375,-6.5121705651468
"HS20QZ",58.350592659726,-6.5121102027627
"HS20RA",58.348175593248,-6.5158563133198
"HS20RB",58.346591791078,-6.5115476741443
"HS20RG",58.392624239227,-6.4837752508231
"HS20RH",58.403838175347,-6.467654660021
"HS20RJ",58.404607897284,-6.4626113175186
"HS20RL",58.403780679014,-6.4592507105526
"HS20RQ",58.398647550459,-6.4756491350963
"HS20RR",58.427127686599,-6.4279989119408
"HS20RS",58.420970942039,-6.4283905025594
"HS20RT",58.414172028373,-6.4366717265049
"HS20RU",58.415681407983,-6.433347840059
"HS20RX",58.415396305515,-6.4402713694819
"HS20RY",58.411127338185,-6.4409501664012
"HS20RZ",58.412503346671,-6.4546643396402
"HS20SD",58.249137278622,-6.406667631312
"HS20SG",58.434222427822,-6.3998902077054
"HS20SH",58.441758753233,-6.3915351662311
"HS20SJ",58.444358807052,-6.3778612200246
"HS20SN",58.473179653539,-6.2825257898534
"HS20SP",58.468557923861,-6.3117112594654
"HS20SR",58.473101740334,-6.3271193232236
"HS20ST",58.467666086211,-6.3146916871013
"HS20SU",58.470281915109,-6.2847305689435
"HS20SW",58.469725528288,-6.2914091413352
"HS20SY",58.474325373127,-6.27972957218
"HS20SZ",58.476329209054,-6.2770891214742
"HS20TA",58.481158857915,-6.2676486724098
"HS20TB",58.476567143134,-6.265099383175
"HS20TD",58.475050911943,-6.2701175169181
"HS20TG",58.485289661599,-6.2548579999895
"HS20TH",58.479384807525,-6.238466134771
"HS20TJ",58.485542644456,-6.2390888238096
"HS20TL",58.48508289765,-6.2377625173826
"HS20TN",58.486668635337,-6.2403925423053
"HS20TQ",58.478815976296,-6.2510177677213
"HS20TR",58.482485967968,-6.2276268643066
"HS20TS",58.473290725167,-6.216838354685
"HS20TW",58.482751576077,-6.2288437024355
"HS20TX",58.47627789619,-6.2077710790992
"HS20XA",58.492654925519,-6.2298814731082
"HS20XB",58.489631687631,-6.2413513905578
"HS20XD",58.493764625397,-6.2496148429554
"HS20XF",58.498669604469,-6.2386462527779
"HS20XG",58.50110494509,-6.2511905366999
"HS20XH",58.502794898952,-6.2628557477263
"HS20XJ",58.486741465845,-6.2354723356906
"HS20XP",58.21628077134,-6.3946794623536
"HS20XR",58.213367818375,-6.3954266863875
"HS20XS",58.215519396877,-6.4024085301707
"HS29AA",58.264802398548,-6.7814264973244
"HS29AD",58.300691952142,-6.7459295692494
"HS29AE",58.310219726948,-6.7284567456209
"HS29AG",58.287114058328,-6.765547191941
"HS29AH",58.284363914001,-6.7582418510492
"HS29AJ",58.292905737825,-6.7793123384242
"HS29AL",58.295311530397,-6.7830547270087
"HS29AN",58.293236779681,-6.7784002517835
"HS29AP",58.28192808458,-6.7920750333791
"HS29AQ",58.286222043061,-6.7465170978424
"HS29AU",58.280411995042,-6.7645765441852
"HS29AW",58.284373356119,-6.7784504469066
"HS29AX",58.275937521075,-6.7557431243277
"HS29AY",58.275612263762,-6.7829717268667
"HS29AZ",58.269220902813,-6.7924213340811
"HS29BD",58.330646011998,-6.667926080301
"HS29BE",58.327151935265,-6.6699954524981
"HS29BG",58.319570336001,-6.674122941461
"HS29BJ",58.323696483054,-6.6977359362273
"HS29BL",58.314857805,-6.6907660357563
"HS29BP",58.340833083685,-6.6683144215421
"HS29BQ",58.327538457851,-6.6810597661326
"HS29BW",58.333734895867,-6.668573682472
"HS29DA",58.336131158369,-6.6207394758905
"HS29DB",58.342742178115,-6.5945739092422
"HS29DD",58.334175274336,-6.6347483723804
"HS29DE",58.333054912541,-6.6346356001696
"HS29DF",58.333909167987,-6.6336530178329
"HS29DG",58.333539312261,-6.6339294786542
"HS29DH",58.341074596268,-6.6525730584622
"HS29DJ",58.345712379102,-6.5942759893157
"HS29DQ",58.332199729061,-6.6353956743811
"HS29DR",58.188484367212,-6.7487319494834
"HS29DS",58.189926723422,-6.7055013630635
"HS29DT",58.174372061889,-6.6073405173006
"HS29DU",58.170253397357,-6.5693528595153
"HS29DW",58.242289737238,-6.7805564168356
"HS29DX",58.203298492081,-6.7352730518066
"HS29DY",58.199780906506,-6.7357582306604
"HS29DZ",58.21111941936,-6.7366402560991
"HS29EA",58.215584366562,-6.7421289380529
"HS29ED",58.216815115861,-6.743384512858
"HS29EF",58.221198882003,-6.7466986801572
"HS29EJ",58.17298125795,-6.7342987635514
"HS29EL",58.140703419644,-6.8692362081927
"HS29EN",58.11236747875,-6.8608749133057
"HS29EP",58.168160329481,-6.9112217367582
"HS29ER",58.190797774493,-6.9358878163784
"HS29ET",58.191404561898,-7.0090691963849
"HS29EU",58.179349690784,-7.0263620549128
"HS29EW",58.127225619629,-6.8774611150903
"HS29EX",58.176867428165,-7.0477105704463
"HS29EY",58.170524933405,-7.0863363614661
"HS29HA",58.134644353182,-7.1100104951634
"HS29HB",58.119287959799,-7.1092350948179
"HS29HE",58.201782620967,-6.9532996789802
"HS29HH",58.15003717281,-6.8923648618239
"HS29HJ",58.163240328238,-6.8892103095939
"HS29HL",58.181660252521,-6.9059847175
"HS29HP",58.215928312863,-6.9692047254037
"HS29HR",58.224233665902,-6.9532454547966
"HS29HS",58.221810786787,-6.9458982184753
"HS29HU",58.20496514795,-6.9236592398424
"HS29HW",58.206400550856,-6.9606431878322
"HS29HX",58.203263334606,-6.9459897234884
"HS29JA",58.232422065713,-7.0281349015788
"HS29JB",58.194664179329,-6.4298386707295
"HS29JD",58.196992227917,-7.0141009753085
"HS29JE",58.200189593617,-7.0124221182643
"HS29JF",58.193631013483,-7.0368015854589
"HS29JG",58.20058263198,-7.0097506063609
"HS29JH",58.099126387612,-6.8612782922487
"HS29JL",58.006889024718,-6.7497735431458
"HS29JN",58.20209701063,-6.4232689131016
"HS29JP",58.152195581191,-6.5015417993396
"HS29JR",58.132051063756,-6.5049810327836
"HS29JT",58.104339592853,-6.4904169411979
"HS29JW",58.185846313344,-6.4521223315491
"HS29JX",58.107167696662,-6.4780622357343
"HS29JY",58.189630125445,-6.3743003320999
"HS29LA",58.105935899972,-6.5490400558442
"HS29LE",58.059581896723,-6.6720860053375
"HS29LG",58.055888958494,-6.6086425225005
"HS29LN",58.194131967841,-6.7917922770414
"HS29LP",58.202647685397,-6.8288330502685
"HS29LQ",58.016997026881,-6.5279603456255
"HS29LS",58.208632344273,-6.8233232976444
"HS29LT",58.229036803752,-6.8394693926577
"HS29LU",58.224176039322,-6.8364528962067
"HS29LW",58.199889283972,-6.8087582081404
"HS29LX",58.211777997542,-6.7885831633734
"HS29LY",58.207363893228,-6.7963906660381
"HS29LZ",58.254994936862,-6.8552695049435
"HS29NA",58.242411919614,-6.8726214373852
"HS29NB",58.224021036013,-6.8575606696102
"HS29ND",58.209501346151,-6.8499651033476
"HS29NF",58.171874837448,-6.4737638315841
"HS29NG",58.143580140261,-6.4544385983691
"HS29NH",58.148144507314,-6.4168851842881
"HS29NJ",58.15904482231,-6.4324479361502
"HS29NL",58.139892835875,-6.4320023167221
"HS29NN",58.136858985665,-6.4098049895429
"HS29NP",58.133600795461,-6.4280052299658
"HS29NR",58.144383479434,-6.4715499440339
"HS29NS",58.142397419156,-6.4543076166235
"HS29NT",58.144938612447,-6.4554591458905
"HS29NU",58.14362269461,-6.4629831491688
"HS29NW",58.138514249655,-6.4279359586632
"HS29NX",58.144339149474,-6.4876367514334
"HS29NY",58.148827135044,-6.4965731697171
"HS29PA",58.150959384001,-6.499615928909
"HS29PB",58.155825657621,-6.4985977387394
"HS29PE",58.156944035883,-6.496220606779
"HS29PJ",58.103829572715,-6.5273950706082
"HS29PN",58.093545662428,-6.5919501753507
"HS29PP",58.09299921912,-6.6068119972012
"HS29PR",58.093173254911,-6.6044901565295
"HS29PS",58.092010257592,-6.6065483525507
"HS29PT",58.090175456744,-6.6174545061172
"HS29PW",58.098065781101,-6.5796029109713
"HS29PX",58.08707140457,-6.6335452620622
"HS29QA",58.089584184803,-6.5136462450987
"HS29QB",58.085404586895,-6.5390849176389
"HS29QD",58.090483533199,-6.4775131881855
"HS29QE",58.090425186218,-6.4697096790632
"HS29QH",58.103025716024,-6.4140980475573
"HS29QJ",58.09492971286,-6.4242223562907
"HS29QL",58.091029516866,-6.4318744216646
"HS29QP",58.083829386725,-6.3899870672099
"HS29QR",58.070626988448,-6.3868188098572
"HS29QU",58.055249208016,-6.4444872115853
"HS29QX",58.049124338901,-6.428236154813
"HS29QY",58.053339156666,-6.4612677532822
"HS29QZ",58.055113662773,-6.4460483750413
"HS29RA",58.081909613115,-6.6144486779783
"HS29RD",58.017488845732,-6.4365235344361
"HS29RE",58.02110669908,-6.4403287226843
"HS29RF",58.021017773946,-6.4418433458659
"HS29RG",58.0191324676,-6.4620182642599
"HS29WZ",58.089807562688,-6.6211438821418
"HS29YB",58.089807562688,-6.6211438821418
"HS33AA",57.992788973036,-6.7529681021913
"HS33AB",58.002290380122,-6.7546198041931
"HS33AD",58.006958779705,-6.7524775966818
"HS33AG",57.955363500494,-6.7327568326523
"HS33AH",57.908726658289,-6.8331276228615
"HS33AJ",57.921344617286,-6.8478632282383
"HS33AL",57.934601220316,-6.8477599733431
"HS33AP",57.928994979737,-6.8355359017039
"HS33AQ",57.950315704658,-6.7274710416215
"HS33AR",57.952574993292,-6.9480123565771
"HS33AS",57.963316099949,-6.9939879356815
"HS33AT",57.972047881296,-7.0568144822184
"HS33AU",57.953420512004,-6.9489414788294
"HS33AW",57.946727667666,-6.9102481492704
"HS33AX",57.989802380036,-7.0806719520651
"HS33AY",57.995378948007,-7.0955464288238
"HS33BD",57.919318111089,-6.6810549218084
"HS33BG",57.902059212476,-6.8128129065976
"HS33BH",57.901136453734,-6.8105769038403
"HS33BJ",57.903056725386,-6.8147379505062
"HS33BL",57.899416497029,-6.7870948694946
"HS33BP",57.887778728772,-6.7299696592964
"HS33BQ",57.900258094884,-6.8128588843913
"HS33BS",57.884878352505,-6.7012967560832
"HS33BW",57.899568760514,-6.7713662999382
"HS33DA",57.899263803217,-6.7901837325336
"HS33DB",57.898605721576,-6.795452533077
"HS33DD",57.89980504553,-6.7946663214147
"HS33DE",57.899817034652,-6.793873706279
"HS33DF",57.897802257062,-6.7967139711648
"HS33DG",57.898109323535,-6.7976336331772
"HS33DH",57.899593920346,-6.7973925366535
"HS33DJ",57.89855813962,-6.8014617447742
"HS33DL",57.900074793331,-6.8017996337741
"HS33DN",57.894769858499,-6.8017158434164
"HS33DP",57.890958934486,-6.7933002311013
"HS33DR",57.880184888765,-6.8128906014877
"HS33DW",57.852637647498,-6.7667126951945
"HS33DX",57.852536862253,-6.7658049379594
"HS33DY",57.866544577841,-6.7953645835534
"HS33DZ",57.868309518965,-6.8043454934478
"HS33EB",57.842036100691,-6.7541239242694
"HS33ED",57.832022879142,-6.7622641105291
"HS33EF",57.834946080068,-6.7975495671732
"HS33EH",57.828970419809,-6.8368421755352
"HS33EJ",57.814217241881,-6.8162675168126
"HS33EL",57.832276251462,-6.856244622461
"HS33EN",57.816996863881,-6.8250181692453
"HS33EP",57.815346762301,-6.802880931036
"HS33ER",57.821131255747,-6.7934002252913
"HS33EX",57.80708973715,-6.862661419032
"HS33EY",57.801950738896,-6.8659794249935
"HS33EZ",57.798720664804,-6.8748625078265
"HS33HA",57.796814083825,-6.886501450227
"HS33HB",57.814773531093,-6.8586740677697
"HS33HG",57.890304331867,-6.8058325726107
"HS33HJ",57.865039619028,-6.8219725633314
"HS33HL",57.88544751075,-6.944223794412
"HS33HN",57.861605262969,-6.8778266721729
"HS33HP",57.867856968501,-6.9398467061805
"HS33HQ",57.884608040404,-6.8120301608152
"HS33HR",57.858244110118,-6.9769297747627
"HS33HT",57.843157999712,-7.0005931165676
"HS33HX",57.832051678719,-7.0331257960978
"HS33JA",57.79689547325,-7.0644680576077
"HS33JD",57.774635899184,-6.9217607654805
"HS33JE",57.760594692382,-6.9364289706447
"HS33JF",57.769130651087,-6.9115471818639
"HS33JG",57.777555699442,-6.9140073112902
"HS33JH",57.777904747429,-6.9149811610629
"HS33JQ",57.782223336414,-6.9027003384791
"HS43XU",57.872748812997,-6.6979720774609
"HS43XX",57.873615926072,-6.6973930642507
"HS43XY",57.874135891471,-6.6911290869857
"HS43XZ",57.877217715174,-6.6960904568757
"HS43YA",57.871580138882,-6.7001325247188
"HS43YB",57.86822395676,-6.7008757721723
"HS43YD",57.874177253649,-6.7033592872752
"HS43YF",57.867922138525,-6.6917875050047
"HS43YG",57.860700391493,-6.679081454947
"HS53TL",57.770247879079,-7.0083057626756
"HS53TN",57.766900028713,-7.0026383536817
"HS53TS",57.771716874275,-7.0136964418863
"HS53TT",57.772341074237,-7.0195090224997
"HS53TU",57.774138926398,-7.0211400673856
"HS53TW",57.747599898533,-6.9670316607533
"HS53TX",57.775403398584,-7.0253244572164
"HS53TY",57.779171195633,-7.036242005398
"HS53UA",57.767987740916,-7.0149297791868
"HS53UB",57.766168750557,-7.0188192534734
"HS53UD",57.75438839363,-7.002066874575
"HS53UE",57.743605902322,-6.9814081797753
"HS53UF",57.767838461903,-7.0243555841827
"HS65AA",57.601542864397,-7.1628934461713
"HS65AB",57.600954037928,-7.1616698991347
"HS65AD",57.600133568262,-7.1612683744122
"HS65AE",57.605233046702,-7.1611211498345
"HS65AF",57.612578079977,-7.1571177883066
"HS65AG",57.607746466851,-7.1757629318605
"HS65AH",57.598241997206,-7.1830244929934
"HS65AJ",57.712515045968,-7.281161101276
"HS65AL",57.570291360244,-7.3954352001601
"HS65AP",57.618854960541,-7.1993002153883
"HS65AR",57.624814609868,-7.1990300142202
"HS65AS",57.629811410071,-7.1350568078035
"HS65AT",57.646934657391,-7.0931388859311
"HS65AW",57.613353758889,-7.1862544622178
"HS65AX",57.656458808266,-7.1048516122177
"HS65AY",57.65926487874,-7.244233963213
"HS65AZ",57.678460989781,-7.2149092576002
"HS65BB",57.717367876727,-7.1726060063564
"HS65BD",57.717688495951,-7.1722482514632
"HS65BE",57.725845358989,-7.1747944051681
"HS65BF",57.719535752678,-7.173067438487
"HS65BG",57.722000947676,-7.1623027102053
"HS65BH",57.711973485604,-7.1740205188206
"HS65BJ",57.712357297626,-7.1809021689604
"HS65BL",57.712414739799,-7.1746721446812
"HS65BP",57.653686085231,-7.3245663543757
"HS65BQ",57.723071229014,-7.1561482152018
"HS65BR",57.718340055114,-7.1565331714361
"HS65BS",57.650419025787,-7.3435098895768
"HS65BT",57.651511342153,-7.3451314748192
"HS65BU",57.647732981863,-7.3578191269906
"HS65BW",57.646847363008,-7.2716106426281
"HS65BX",57.642736485678,-7.3732947360037
"HS65BY",57.634213889244,-7.3876215743104
"HS65BZ",57.654020924254,-7.4469976798063
"HS65DA",57.637797108314,-7.3743083410529
"HS65DE",57.616705510078,-7.5008427813511
"HS65DF",57.622468978578,-7.4879763667826
"HS65DG",57.627534757985,-7.4907057513674
"HS65DH",57.642623874391,-7.4864943225043
"HS65DL",57.609129582009,-7.516012706727
"HS65DQ",57.63274699944,-7.488004185571
"HS65DS",57.587225930125,-7.4428309849271
"HS65DT",57.585344419312,-7.4273992798726
"HS65DU",57.579706929476,-7.4147110565693
"HS65DW",57.600792246969,-7.4865783066875
"HS65DX",57.584220574026,-7.4415597348877
"HS65DY",57.578467955468,-7.4313657209902
"HS65DZ",57.581150703723,-7.4467807396798
"HS65EB",57.578916675226,-7.461375594167
"HS65ED",57.588838844988,-7.4625483733793
"HS65EF",57.588251524052,-7.4746282029805
"HS65EH",57.521323541831,-7.3147446582897
"HS65EJ",57.526698202909,-7.3153447180576
"HS65EL",57.524647051838,-7.3134059835636
"HS65EN",57.537502049195,-7.3195156213808
"HS65EP",57.565623728744,-7.3835711233757
"HS65ES",57.556552084945,-7.3580159676555
"HS65ET",57.549157588745,-7.3536963173011
"HS65EU",57.550804745931,-7.2659628653472
"HS65EW",57.575108207227,-7.4040074289074
"HS65EX",57.551656639173,-7.2145575319085
"HS65HA",57.56608881403,-7.2916727778124
"HS65HD",57.552741563912,-7.3337138404847
"HS65HE",57.544581836894,-7.3414902445113
"HS65HG",57.538836568211,-7.3621033433943
"HS65HL",57.515097702461,-7.31895458108
"HS65HN",57.517564616992,-7.2815307689888
"HS65HP",57.511251520529,-7.2577728862013
"HS65HQ",57.533108810904,-7.3855911211346
"HS65HR",57.523333559811,-7.3123278062362
"HS65HT",57.496581553476,-7.2668242047493
"HS65HU",57.500783372871,-7.248540002923
"HS65HW",57.518471938147,-7.268900285395
"HS65HX",57.489507126247,-7.2208465895874
"HS65HY",57.480332483096,-7.2090082152052
"HS65JA",57.486061664808,-7.2385682221099
"HS65JB",57.489664357633,-7.2555473078577
"HS75AB",57.473489525209,-7.3891713794554
"HS75LA",57.471607239781,-7.3706842338676
"HS75LB",57.472364375195,-7.380134303229
"HS75LE",57.471818943986,-7.3909795766448
"HS75LF",57.472608147015,-7.3895758561662
"HS75LH",57.473362465701,-7.3875153688834
"HS75LQ",57.472499137714,-7.3858175629595
"HS75LS",57.473388853789,-7.3931995352609
"HS75LT",57.465563367739,-7.3838423900331
"HS75LU",57.458063666249,-7.3954452544845
"HS75LW",57.473860231474,-7.3723021386609
"HS75LX",57.472094998376,-7.3546015205099
"HS75LY",57.474929133625,-7.3387447739032
"HS75LZ",57.478759360105,-7.3178013137583
"HS75ND",57.472616125101,-7.3931688969117
"HS75NE",57.471689434978,-7.3925308067326
"HS75NF",57.47293550301,-7.3911778924594
"HS75NG",57.472014302591,-7.3763238781268
"HS75PG",57.414186290739,-7.3349486588457
"HS75PH",57.411723473991,-7.3333887720454
"HS75PJ",57.425857884983,-7.3576235088824
"HS75PL",57.421129276189,-7.3424840031223
"HS75PN",57.437169121436,-7.3871533802372
"HS75PP",57.434118895909,-7.3601858635077
"HS75PQ",57.412268200425,-7.3337016642041
"HS75PR",57.409740390388,-7.3092353132775
"HS75PS",57.404625518052,-7.278546679483
"HS75PT",57.396338395195,-7.251880172295
"HS75PW",57.409825569602,-7.3280590556789
"HS75PY",57.423207150961,-7.3350966078405
"HS75PZ",57.42990409473,-7.3374085936907
"HS75QA",57.443107060092,-7.3575146135813
"HS75QB",57.442050832974,-7.3518848325438
"HS75QD",57.412757962048,-7.3083222373976
"HS75QF",57.416501340165,-7.2987408326685
"HS75QG",57.410852526003,-7.2650528752767
"HS75QH",57.414405263953,-7.2358103945992
"HS75QJ",57.427169774293,-7.2223220333488
"HS75QL",57.418109819849,-7.2302691824012
"HS75QP",57.479650407371,-7.3047981597183
"HS75QR",57.477080099635,-7.2848269691676
"HS75QS",57.474386516331,-7.2688003556142
"HS75WX",57.473906757067,-7.3773210074794
"HS85JH",57.086063770175,-7.3003287411241
"HS85JJ",57.086211426549,-7.3059701822718
"HS85JL",57.08255225458,-7.3073635876209
"HS85JN",57.073536098584,-7.3028669056901
"HS85JP",57.068825327916,-7.293403170631
"HS85JR",57.088545183224,-7.2891283445376
"HS85JT",57.085066140221,-7.3062359603241
"HS85JU",57.085024164091,-7.3074366291739
"HS85JW",57.072251559328,-7.2968666908091
"HS85NA",57.353250787712,-7.2586959625169
"HS85NS",57.329198791917,-7.2845189413162
"HS85NU",57.371459805175,-7.2971747852149
"HS85NX",57.369453396284,-7.2819925383561
"HS85NY",57.359686630178,-7.2685450957655
"HS85NZ",57.343978911992,-7.2649742241584
"HS85PD",57.370288530306,-7.2878100462179
"HS85PE",57.385109081212,-7.3032315040792
"HS85QX",57.398913802343,-7.3497449815119
"HS85QY",57.391489503556,-7.3266410654652
"HS85RA",57.393494242424,-7.36897352597
"HS85RB",57.398667503673,-7.3868880754691
"HS85RD",57.392860038636,-7.3926015582735
"HS85RE",57.388214793829,-7.4070685747259
"HS85RF",57.385879315093,-7.421990682202
"HS85RG",57.386038322907,-7.3642138938216
"HS85RH",57.397180181062,-7.3301863693914
"HS85RJ",57.393296679412,-7.3334716732131
"HS85RL",57.392373501599,-7.3403715293281
"HS85RP",57.353837451148,-7.3578375933083
"HS85RQ",57.392543895703,-7.3501145096139
"HS85RR",57.332599955287,-7.362608577627
"HS85RS",57.324171846121,-7.3671176527224
"HS85RT",57.311279634521,-7.3800200356505
"HS85RU",57.391430502775,-7.3399006337217
"HS85RW",57.353258657763,-7.3640139788188
"HS85RX",57.202695303969,-7.3986990958165
"HS85RY",57.212242131809,-7.3918692691112
"HS85RZ",57.2227895775,-7.4115149979956
"HS85SA",57.241435905005,-7.3986493798873
"HS85SB",57.258623986208,-7.3918195298394
"HS85SD",57.276691290521,-7.4003171458922
"HS85SF",57.29055649932,-7.4004256099249
"HS85SG",57.289732468282,-7.3848451885895
"HS85SH",57.301404999913,-7.3724882796402
"HS85SJ",57.239890923208,-7.3604248973882
"HS85SL",57.227896081516,-7.3513119286913
"HS85SN",57.235192005664,-7.3380976140139
"HS85SQ",57.292467857236,-7.3777318243526
"HS85SS",57.16631078158,-7.3720247790817
"HS85ST",57.167523507932,-7.3636854543472
"HS85SU",57.166857068562,-7.3620147953934
"HS85SX",57.174613511764,-7.3761159711242
"HS85SY",57.187383628239,-7.3953981320334
"HS85SZ",57.159143613047,-7.3683158660088
"HS85TB",57.155886650865,-7.3808607093883
"HS85TD",57.137568720806,-7.3875976328696
"HS85TE",57.130024184777,-7.3750951196482
"HS85TF",57.128463430161,-7.3617607249102
"HS85TG",57.165540421037,-7.359554047839
"HS85TH",57.155044962996,-7.3120899807178
"HS85TJ",57.154609726448,-7.3070756578811
"HS85TL",57.154052878352,-7.3072606651411
"HS85TN",57.160815096206,-7.3372355672053
"HS85TP",57.153189552341,-7.3055468895994
"HS85TR",57.109187432701,-7.3738556536746
"HS85TS",57.103916668704,-7.3336289768225
"HS85TT",57.106879125599,-7.3651511710362
"HS85TU",57.115116838504,-7.3711761661713
"HS85TW",57.158467160534,-7.3122507037576
"HS85TX",57.124367479898,-7.3726846083701
"HS85TY",57.125771175226,-7.3598976848156
"HS85UB",57.137027340583,-7.3275280858289
"HS85UD",57.136596461386,-7.3050531665159
"HS85UE",57.114722878965,-7.3008919344479
"HS95UA",56.96329274538,-7.4404490848515
"HS95UB",56.966891582281,-7.4330489056629
"HS95UH",56.957984175274,-7.4681914121915
"HS95UJ",56.954153997183,-7.4808076677623
"HS95UL",56.952797497746,-7.4805421083145
"HS95UN",56.962857454048,-7.4415553262394
"HS95UP",56.96810275137,-7.4343792631939
"HS95UQ",56.955844246064,-7.4796232241948
"HS95UR",56.971927837598,-7.4240440501611
"HS95UT",56.987638137973,-7.4125515221253
"HS95UU",56.982179726252,-7.4120209976056
"HS95UW",56.965098388843,-7.4320621244416
"HS95UX",56.996253296588,-7.4154219095982
"HS95UY",56.99421255928,-7.4018662934982
"HS95UZ",56.952464302749,-7.4866868444571
"HS95XA",56.954365222581,-7.4858302766338
"HS95XB",56.956238993553,-7.4931574777957
"HS95XD",56.955428036133,-7.4884744727789
"HS95XE",56.953741877511,-7.4965120813695
"HS95XF",56.955670514816,-7.4982959780575
"HS95XG",56.955440329518,-7.4937150855488
"HS95XH",56.953576693203,-7.4982174099387
"HS95XJ",56.954978141184,-7.4986879526979
"HS95XL",56.958452104249,-7.5015570915718
"HS95XN",56.955903197019,-7.5058756828295
"HS95XP",56.95366671275,-7.4976047096753
"HS95XQ",56.954020991864,-7.4952848148304
"HS95XR",56.979568025627,-7.5048447111076
"HS95XS",56.984359313486,-7.4976400580458
"HS95XT",56.996081967517,-7.5030844170743
"HS95XU",57.004099601653,-7.4828930193463
"HS95XW",56.969815858641,-7.5151197633491
"HS95XX",57.009800113235,-7.4932702598574
"HS95XY",57.002590959476,-7.4346541024022
"HS95XZ",57.000941223931,-7.4824600746063
"HS95YA",57.003861229803,-7.4180644423151
"HS95YB",57.011906435012,-7.425144069739
"HS95YD",57.040446162471,-7.4313957208316
"HS95YE",57.041950645953,-7.4365364999542
"HS95YG",56.954365222581,-7.4858302766338
"HS95YH",57.000518731945,-7.421040840042
"HS95YL",56.944932561343,-7.5387582888565
"HS95YN",56.93465808904,-7.503476912378
"HS95YP",56.943420928514,-7.5298212006614
"HS95YQ",57.000170042108,-7.4232660626432
"HS95YR",57.033391630553,-7.4338302674738
"HS95YU",56.919577497578,-7.5360770505302
"HS95YW",56.919683704358,-7.5344963112029
"HS95ZE",56.95448184529,-7.4960612086113
