"KW14AA",58.442638671132,-3.0892270813854
"KW14AB",58.442681537045,-3.0894682654479
"KW14AF",58.442867946822,-3.089731020495
"KW14AG",58.442189105154,-3.0913890284635
"KW14AH",58.442592558286,-3.0904249511361
"KW14AJ",58.442552119371,-3.0909548158627
"KW14AP",58.441865803059,-3.0913790189533
"KW14AR",58.442750947884,-3.088699432216
"KW14AW",58.442271096885,-3.0912545059582
"KW14BP",58.443216101849,-3.0910438980631
"KW14BS",58.443742896882,-3.0914200039367
"KW14BY",58.444522606116,-3.0916326179314
"KW14DA",58.445443233005,-3.0921751560784
"KW14DB",58.444504288279,-3.092728608428
"KW14DD",58.445242231024,-3.0936253241904
"KW14DE",58.445049169261,-3.0951956607013
"KW14DF",58.446423002314,-3.0973630482678
"KW14DG",58.446667662686,-3.0939608453778
"KW14DJ",58.446892983083,-3.092819802182
"KW14DL",58.448241605411,-3.0937355330037
"KW14DN",58.449402147814,-3.0935316458925
"KW14DP",58.44856242485,-3.0887590048538
"KW14DQ",58.447039495992,-3.0956516124551
"KW14DR",58.448506700965,-3.0910877325391
"KW14DS",58.448220288879,-3.0888512482202
"KW14DT",58.447691014503,-3.0887663550897
"KW14DU",58.447437768982,-3.0900265316568
"KW14DW",58.448963983016,-3.0911875694814
"KW14DX",58.448226407207,-3.0913018166066
"KW14DY",58.447502271642,-3.0919476656811
"KW14DZ",58.446274755318,-3.0905217347674
"KW14EA",58.44329599231,-3.0922114234727
"KW14EB",58.442836813984,-3.0923342591772
"KW14EE",58.444150317288,-3.0921008273692
"KW14HA",58.44513873233,-3.0899554319191
"KW14HB",58.444694750334,-3.090404315342
"KW14HD",58.445300528972,-3.0899433011644
"KW14HE",58.446133040256,-3.0881699234591
"KW14HF",58.445456877101,-3.0884574631048
"KW14HG",58.445692755335,-3.085003622945
"KW14HH",58.444139924205,-3.0880398580008
"KW14HJ",58.444731627683,-3.0881780597254
"KW14HN",58.444731627683,-3.0881780597254
"KW14HP",58.446770855526,-3.0860477652218
"KW14HQ",58.445085681122,-3.0824319728688
"KW14HR",58.446279392917,-3.0836166483361
"KW14HS",58.447286238929,-3.0845900324572
"KW14HT",58.446971769956,-3.0835351265876
"KW14HU",58.445708539923,-3.0831364722947
"KW14HW",58.445100876982,-3.0870072139509
"KW14HX",58.445541795343,-3.0816064048044
"KW14HY",58.445440960228,-3.0807808716248
"KW14HZ",58.446463132855,-3.0799383495573
"KW14JA",58.446033894437,-3.0786401155644
"KW14JB",58.445809421153,-3.0796955736063
"KW14JD",58.44534675344,-3.0791673780898
"KW14JE",58.445841073843,-3.0780687817318
"KW14JF",58.446588051607,-3.0779031485019
"KW14JG",58.446350036684,-3.0773646974531
"KW14JH",58.443832813984,-3.0797378281322
"KW14JJ",58.443470556711,-3.076882624125
"KW14JL",58.444179309099,-3.076989944976
"KW14JN",58.44396368612,-3.0780627619654
"KW14JP",58.444195192628,-3.0761680210616
"KW14JQ",58.44554235383,-3.0772714724465
"KW14JR",58.444141714895,-3.0782566754724
"KW14JS",58.447293159663,-3.0752345135003
"KW14JT",58.446484737847,-3.0880094352243
"KW14JW",58.443183231678,-3.0822022220875
"KW14JX",58.443268846705,-3.0858884658401
"KW14LP",58.442638671132,-3.0892270813854
"KW14LR",58.442995605801,-3.088449993928
"KW14LS",58.443103983664,-3.0873225608669
"KW14LU",58.443142810572,-3.0869810977156
"KW14LX",58.443750995658,-3.0883533861939
"KW14LY",58.443239499554,-3.0893484457881
"KW14NB",58.443297415072,-3.089932761775
"KW14ND",58.443634937766,-3.0893263999827
"KW14NE",58.443248580176,-3.090393845476
"KW14NG",58.442710418068,-3.0913537703721
"KW14NH",58.442452544388,-3.0920996261743
"KW14NL",58.443452973392,-3.0927645501725
"KW14NN",58.442963915953,-3.0911217572842
"KW14NP",58.443803630234,-3.0906166159587
"KW14NQ",58.442710418068,-3.0913537703721
"KW14NR",58.443530714778,-3.0910193695972
"KW14NS",58.444194894227,-3.0900290474508
"KW14NT",58.443501573384,-3.0881058199599
"KW14NU",58.44335268108,-3.0876557620596
"KW14NX",58.443898222508,-3.0836976458039
"KW14NY",58.444364193147,-3.0859564773821
"KW14NZ",58.444491946927,-3.0825336755029
"KW14PA",58.445003703272,-3.085753439264
"KW14PB",58.444957502918,-3.0837816156519
"KW14PD",58.443992333591,-3.0810619891785
"KW14PE",58.444936417039,-3.0766875346969
"KW14PF",58.444191882415,-3.0744203008881
"KW14PG",58.443873078695,-3.0728000474068
"KW14PH",58.444412741524,-3.0651748814108
"KW14PJ",58.44462729293,-3.0663807246541
"KW14PL",58.443447538377,-3.0656597085221
"KW14PN",58.445500230229,-3.0705021944869
"KW14PP",58.445777739112,-3.0716928884187
"KW14PQ",58.443858361672,-3.0691844631362
"KW14PY",58.442537800611,-3.0905260538135
"KW14QP",58.453307822364,-3.0884771814665
"KW14QR",58.457674080629,-3.1052208703233
"KW14QS",58.451631611334,-3.0891108907477
"KW14QT",58.473048382218,-3.0664869077661
"KW14QU",58.455210654185,-3.0564348590505
"KW14QW",58.45507053426,-3.0549053079242
"KW14QX",58.455475839971,-3.0569569793143
"KW14QY",58.455814136549,-3.0540534771692
"KW14QZ",58.450958216485,-3.054679379643
"KW14RA",58.45046357298,-3.0547502581709
"KW14RB",58.449754269825,-3.0536151775648
"KW14RD",58.448770240893,-3.0585722466173
"KW14RE",58.44792110431,-3.0591464769209
"KW14RF",58.445282597913,-3.0664348186617
"KW14RG",58.465140684543,-3.1071009766335
"KW14RH",58.462080531775,-3.1098675569193
"KW14RJ",58.473000971624,-3.1008148875832
"KW14RL",58.474191386514,-3.0992230310561
"KW14RN",58.473502852233,-3.1009506145069
"KW14RP",58.475588610409,-3.1418645676249
"KW14RQ",58.458376018633,-3.1092366289754
"KW14RR",58.472477658527,-3.1472165675735
"KW14RS",58.474928700537,-3.14434686746
"KW14RT",58.475188474669,-3.1454356850978
"KW14RU",58.474126491164,-3.1456583574086
"KW14RW",58.475152729181,-3.1332760548383
"KW14RX",58.487140731175,-3.1618814644709
"KW14RY",58.508155023532,-3.155572549739
"KW14RZ",58.454838967332,-3.0557553071516
"KW14SA",58.476711498501,-3.1479033255159
"KW14SB",58.453133942759,-3.0544531594137
"KW14SD",58.447640155482,-3.0594464666189
"KW14TA",58.47043301115,-3.2226977901955
"KW14TB",58.459812700378,-3.1551004741724
"KW14TD",58.453926133453,-3.1012814574966
"KW14TE",58.442681537045,-3.0894682654479
"KW14TL",58.549515972426,-3.316723254451
"KW14TN",58.548207104077,-3.311192160877
"KW14TP",58.532385470761,-3.2693935649661
"KW14TR",58.511325701469,-3.2253557580254
"KW14TS",58.544806831803,-3.3063569509883
"KW14TT",58.534266013568,-3.3216313074884
"KW14TW",58.558176268598,-3.2999099829376
"KW14UD",58.543505900379,-3.2022343895156
"KW14UE",58.541494205938,-3.2464763028376
"KW14UF",58.565034172981,-3.2598463268984
"KW14UG",58.568085818255,-3.2200819897762
"KW14UQ",58.545305644844,-3.2057326583503
"KW14UR",58.498089312859,-3.1470908490011
"KW14UY",58.535077469102,-3.1210543441006
"KW14UZ",58.535719709386,-3.121573013833
"KW14WB",58.442638671132,-3.0892270813854
"KW14XA",58.535702298105,-3.1235651368112
"KW14XB",58.533158952857,-3.117523354895
"KW14XD",58.532486866004,-3.115269004386
"KW14XE",58.532877280729,-3.1189228970672
"KW14XF",58.542523850794,-3.1169795014261
"KW14XG",58.528812706155,-3.1337527821721
"KW14XP",58.56099187239,-3.0834956218263
"KW14XR",58.55859306338,-3.0846076183463
"KW14XX",58.598227736995,-3.0692794781621
"KW14YB",58.635579139565,-3.1613636442012
"KW14YD",58.625711760052,-3.162827325107
"KW14YH",58.633973964418,-3.1195015320263
"KW14YJ",58.633079591312,-3.1231765157412
"KW14YL",58.641398200668,-3.0991836251007
"KW14YN",58.633716051635,-3.1212675947918
"KW14YR",58.639664296111,-3.0704425194436
"KW14YS",58.63740408508,-3.0547992174814
"KW14YT",58.636059462267,-3.0599268811794
"KW14YX",58.637084508475,-3.0598028881885
"KW15AB",58.440129336744,-3.0917021562091
"KW15AD",58.439711964264,-3.090078881628
"KW15AE",58.439734918728,-3.0916042854643
"KW15AF",58.439136955927,-3.0890332364769
"KW15AG",58.439251439802,-3.0871866084713
"KW15AH",58.43877171206,-3.0865551020039
"KW15AJ",58.438634680143,-3.0868249723783
"KW15AL",58.437984009046,-3.087284569667
"KW15AN",58.437820469499,-3.0875022222087
"KW15AP",58.439601993201,-3.0861010144888
"KW15AQ",58.439250587852,-3.0862272379048
"KW15AR",58.439811593842,-3.0857477119924
"KW15AS",58.438983208411,-3.084917042709
"KW15AT",58.438669031011,-3.0848902437494
"KW15AW",58.439246248958,-3.0856789076107
"KW15AX",58.437826442453,-3.0836137935838
"KW15AY",58.43739986427,-3.0841317205099
"KW15AZ",58.436785688346,-3.0823998415291
"KW15BA",58.435092562819,-3.0839751335176
"KW15BB",58.436289131052,-3.0816308912994
"KW15BD",58.436828867322,-3.0836687842678
"KW15BE",58.436211957472,-3.0843863994907
"KW15BG",58.435231474008,-3.0845446671336
"KW15BH",58.433420280252,-3.0841463957122
"KW15BJ",58.433023814157,-3.086412246572
"KW15BL",58.432300161652,-3.0848827089954
"KW15BN",58.432598240856,-3.0868102055583
"KW15BQ",58.434719137388,-3.0856422902145
"KW15BS",58.433967942231,-3.0863043058185
"KW15BT",58.434726216788,-3.086927179332
"KW15BU",58.513506133262,-3.342379367809
"KW15BW",58.433492938313,-3.0882936901163
"KW15EA",58.440974444959,-3.0905633515736
"KW15EB",58.441023520209,-3.0911302264242
"KW15ED",58.440723952892,-3.091497855636
"KW15EF",58.440958261193,-3.0924645018486
"KW15EG",58.440723508221,-3.0883798411238
"KW15EH",58.441184136585,-3.0880856848656
"KW15EL",58.441680275079,-3.0867818092758
"KW15EN",58.441544855887,-3.0858010954884
"KW15EP",58.44042401711,-3.0855609929814
"KW15EQ",58.440793638788,-3.0875254112388
"KW15ES",58.440763379935,-3.0868563342794
"KW15ET",58.440601293071,-3.086902732545
"KW15EU",58.4403507065,-3.0867922165875
"KW15EX",58.44027887683,-3.0857278401389
"KW15EY",58.440207137587,-3.0878328191636
"KW15EZ",58.439713103292,-3.0846482711099
"KW15HA",58.439555630385,-3.0820223392523
"KW15HB",58.439298109632,-3.0837960763844
"KW15HD",58.437703449166,-3.0822224521227
"KW15HE",58.437355371939,-3.0819548147616
"KW15HF",58.437181971062,-3.0812128980469
"KW15HG",58.436738424646,-3.0805483598671
"KW15HH",58.436072233199,-3.079654335015
"KW15HJ",58.435334232899,-3.0798201593202
"KW15HL",58.435930947278,-3.0782967771117
"KW15HN",58.43480039195,-3.0781423015189
"KW15HP",58.43308877966,-3.0797856558837
"KW15HQ",58.436614388849,-3.0792769497453
"KW15HR",58.43465173717,-3.0808612506362
"KW15HS",58.435647145993,-3.0810630575431
"KW15HU",58.433862370028,-3.0785932198685
"KW15HW",58.434121555561,-3.0798172809973
"KW15HX",58.433595774828,-3.0771805384535
"KW15HY",58.433289912222,-3.0783016584564
"KW15HZ",58.433552655602,-3.0780356391118
"KW15JA",58.434250212443,-3.0773375596315
"KW15JB",58.435458081505,-3.0768434566713
"KW15JF",58.433546349811,-3.076648049763
"KW15JG",58.433778341268,-3.0757644529165
"KW15LB",58.441407343893,-3.0956307465446
"KW15LD",58.441877149368,-3.1016074427823
"KW15LE",58.441162955867,-3.100043234422
"KW15LF",58.44027886066,-3.0952359095681
"KW15LG",58.439872479906,-3.0944352368702
"KW15LH",58.439908658003,-3.0965092703378
"KW15LJ",58.439068380467,-3.0949756005751
"KW15LL",58.439449475541,-3.0966320387312
"KW15LN",58.440132335241,-3.0976640448662
"KW15LP",58.441497000779,-3.0998480710845
"KW15LQ",58.440095444128,-3.0956756324389
"KW15LR",58.441774827634,-3.1030605005187
"KW15LS",58.439926547858,-3.0986170018293
"KW15LT",58.439013168073,-3.098280180008
"KW15LU",58.438435495561,-3.095452736955
"KW15LW",58.441340315963,-3.0982156240135
"KW15LX",58.437556290661,-3.0932156052959
"KW15LZ",58.437081556464,-3.0941087814935
"KW15NA",58.437465494565,-3.0964846776203
"KW15NB",58.436466930818,-3.0977041009532
"KW15ND",58.435097342047,-3.0950407031259
"KW15NE",58.435308946209,-3.093402866444
"KW15NF",58.435847996933,-3.0944473531612
"KW15NG",58.434384010614,-3.0944190426144
"KW15NH",58.43350296565,-3.0934496378197
"KW15NJ",58.4345377037,-3.0921970590461
"KW15NL",58.436044697141,-3.0924492946056
"KW15NN",58.43561844135,-3.0918708179219
"KW15NP",58.436336891012,-3.0918930661639
"KW15NQ",58.433378387793,-3.0954155310778
"KW15NR",58.436733496629,-3.0917340489378
"KW15NS",58.441698174185,-3.0941835351409
"KW15NU",58.431889068601,-3.0951979931268
"KW15NW",58.435802136401,-3.0913968807222
"KW15PZ",58.438960624446,-3.092865137676
"KW15QA",58.439696663015,-3.0918772029723
"KW15QB",58.438983223416,-3.0902105284697
"KW15QD",58.439705577377,-3.0929396248625
"KW15QE",58.438889581868,-3.0938222708905
"KW15QF",58.438610356896,-3.0907471854644
"KW15QG",58.438326953942,-3.0892137846396
"KW15QH",58.436849689684,-3.0875750593872
"KW15QJ",58.437495351881,-3.0898219148914
"KW15QL",58.436826316387,-3.0892702058942
"KW15QN",58.436880289766,-3.0850236339758
"KW15QP",58.436490540704,-3.0896709481102
"KW15QQ",58.437454705357,-3.0882618028821
"KW15QR",58.437454216369,-3.0925443589615
"KW15QW",58.436176163522,-3.0864922457316
"KW15SA",58.435738096452,-3.1041220945982
"KW15SB",58.430285276638,-3.1145186437597
"KW15SD",58.427172483671,-3.1476264278067
"KW15SE",58.3834391233,-3.1688858219881
"KW15SF",58.414133265729,-3.1581414771657
"KW15SG",58.433322931341,-3.1757117318462
"KW15SP",58.442470112209,-3.1057721004559
"KW15SR",58.441931766862,-3.110894965523
"KW15SS",58.441426058483,-3.1184343635996
"KW15ST",58.442726294485,-3.1330214834749
"KW15SU",58.444468796688,-3.1561910412834
"KW15SX",58.443723132479,-3.1571945928184
"KW15SY",58.443465461283,-3.1558839966063
"KW15SZ",58.440524743444,-3.165175888906
"KW15TA",58.455369276091,-3.2178729905269
"KW15TB",58.462376040422,-3.2329266117399
"KW15TD",58.437946413256,-3.1218871427863
"KW15TE",58.391051512213,-3.132475431519
"KW15TF",58.430369901823,-3.0847548229969
"KW15TG",58.430820957917,-3.0855907951697
"KW15TH",58.430482882582,-3.0852035970694
"KW15TL",58.430200424801,-3.0835507380971
"KW15TN",58.432700689813,-3.0725115264691
"KW15TP",58.424619520231,-3.0933626230343
"KW15TQ",58.391094550526,-3.1347179471644
"KW15TR",58.389131721429,-3.1311650756734
"KW15TS",58.390587546357,-3.1321184029104
"KW15TT",58.390123962305,-3.1307007353471
"KW15TU",58.37822230844,-3.1193406492335
"KW15TW",58.432301346099,-3.0900382053463
"KW15TX",58.384137468878,-3.1422599649228
"KW15TY",58.42853345592,-3.0915658451528
"KW15TZ",58.389042142679,-3.1301186859692
"KW15UG",58.468787161389,-3.2709579505063
"KW15UH",58.484050651493,-3.2852834043528
"KW15UJ",58.478591179711,-3.2886342734773
"KW15UL",58.486646005664,-3.2654786973785
"KW15UN",58.503866278233,-3.2591301358745
"KW15UP",58.508982971527,-3.330739878576
"KW15UQ",58.451086455212,-3.2767631178136
"KW15UR",58.516662545985,-3.3523381156562
"KW15UT",58.517107519554,-3.3552912832727
"KW15UU",58.522160714515,-3.3650340072091
"KW15UW",58.50798281808,-3.3003538082511
"KW15XG",58.473337498678,-3.3036010867439
"KW15XH",58.475024196936,-3.3082252253402
"KW15XJ",58.471571418323,-3.3234268147751
"KW15XL",58.48548758602,-3.358567697234
"KW15XN",58.475732764972,-3.3845160375175
"KW15XQ",58.473199820156,-3.3074200561965
"KW15XR",58.465540451667,-3.4251772730234
"KW15XS",58.467140554863,-3.4266994191283
"KW15XU",58.456848066573,-3.428082330907
"KW15XW",58.462969612469,-3.4147698939254
"KW15XX",58.468449922036,-3.3539666756856
"KW15XY",58.449677163608,-3.323615528258
"KW15YJ",58.472119915544,-3.3005380006644
"KW15YL",58.470919270192,-3.3020026019496
"KW15YN",58.473059129771,-3.2982748370018
"KW15YP",58.472291478037,-3.3039910522053
"KW15YQ",58.442638671132,-3.0892270813854
"KW15YR",58.471419210518,-3.3040787785803
"KW15YS",58.442638671132,-3.0892270813854
"KW15YW",58.47477331981,-3.2966574486478
"KW106AB",57.973032335763,-3.9771144900944
"KW106RA",57.974895694666,-3.9716868978689
"KW106RB",57.975309939029,-3.9693081196027
"KW106RF",57.975807215099,-3.9720075738504
"KW106RH",57.975373839927,-3.9675020159798
"KW106RJ",57.975590154892,-3.9697801287037
"KW106RN",57.976169509506,-3.9700825286445
"KW106RP",57.97584156585,-3.9634010195031
"KW106RQ",57.977765760609,-3.9708636060569
"KW106RR",57.976209231038,-3.9640299876511
"KW106RS",57.977634481075,-3.9636682427724
"KW106RU",57.978834713358,-3.9644950431672
"KW106RW",57.975807215099,-3.9720075738504
"KW106RX",57.977622835006,-3.9650037549651
"KW106RY",57.978688055726,-3.9670071697224
"KW106RZ",57.979455072978,-3.9667955012046
"KW106SA",57.979039303754,-3.9692759808823
"KW106SB",57.979404320849,-3.9700740631047
"KW106SD",57.977317784312,-3.9817649270171
"KW106SE",57.992698889517,-3.9772509517276
"KW106SF",57.98563293172,-3.9466138187295
"KW106SG",57.978190921532,-3.9712590545756
"KW106SH",57.988281793437,-3.9490753554701
"KW106SJ",57.978138032091,-3.97061343418
"KW106SL",57.978467460872,-3.9719677075635
"KW106SN",57.972508962064,-3.9807215133153
"KW106SP",57.973301954642,-3.9823042043137
"KW106SQ",57.988190756547,-3.9520818499626
"KW106SR",57.972580376058,-3.9842091176661
"KW106SS",57.973294114669,-3.9862610231339
"KW106ST",57.970708587321,-3.9855430116373
"KW106SU",57.973727849724,-3.9820740532358
"KW106SW",57.971647696585,-3.9817900836841
"KW106SX",57.973538620547,-3.9872892414199
"KW106SY",57.972209670402,-3.9889574798665
"KW106SZ",57.971808818629,-3.990457227456
"KW106TA",57.965804176122,-4.0157059551017
"KW106TD",57.935681220757,-4.0170911166533
"KW106TE",57.973228910141,-3.9754511027508
"KW106TF",57.973389665932,-3.9749356988926
"KW106TG",57.973348243611,-3.975288557369
"KW106TH",57.974795520176,-3.9758248330511
"KW106TJ",57.974084106773,-3.9782378625052
"KW106TL",57.974312140485,-3.9768636649177
"KW106TN",57.973320226456,-3.9782464949769
"KW106TP",57.974047480409,-3.9794365718743
"KW106TQ",57.972584026706,-3.9776309471484
"KW106TR",57.973356272262,-3.980548423893
"KW106TS",57.972974646731,-3.9790899174673
"KW106TT",57.970953215787,-3.9808047698461
"KW106TU",57.976792779059,-3.9733471117506
"KW106TW",57.973388963084,-3.9796031916883
"KW106TX",57.97123973346,-3.9814462634452
"KW106TY",57.971660995685,-3.9786285460784
"KW106TZ",57.977756788275,-3.9731802465505
"KW106UA",57.972689503982,-3.979513882054
"KW106UB",57.970445323863,-3.9891641006479
"KW106UD",57.971934683448,-3.992747154836
"KW106UF",57.972135603601,-3.9931134366513
"KW116UA",58.388185947009,-4.210006256208
"KW116UB",58.258088147864,-3.9404801170892
"KW116UD",58.241384870339,-4.2964421634846
"KW116UE",58.272774127847,-4.0478534624338
"KW116UF",58.319923195649,-4.0804130605601
"KW116UG",58.369451498659,-4.2338201065782
"KW126UJ",58.500493225618,-3.4801048406851
"KW126UL",58.488939957588,-3.4863612958285
"KW126UN",58.482898964361,-3.5006009541421
"KW126UP",58.421091315669,-3.4944776587112
"KW126UR",58.375437422808,-3.690858913038
"KW126UU",58.52683869976,-3.4552288923556
"KW126UW",58.460200341501,-3.4818055180027
"KW126UX",58.527779837273,-3.4070567262838
"KW126UY",58.507623397723,-3.3753523281334
"KW126UZ",58.512665502719,-3.4196880981345
"KW126WB",58.511954278977,-3.4872656688436
"KW126WD",58.512110971847,-3.4845941121932
"KW126WU",58.513953142629,-3.4930674512282
"KW126XA",58.504777864293,-3.4486515678769
"KW126XB",58.540389428905,-3.4659619748225
"KW126XD",58.521590784414,-3.480512604236
"KW126XE",58.520727076188,-3.4814035041647
"KW126XF",58.522855958737,-3.4961419354008
"KW126XG",58.518211356115,-3.4969229310398
"KW126XH",58.513856624709,-3.4866765840555
"KW126XJ",58.480507336855,-3.5491436957658
"KW126XN",58.51593543795,-3.4879148908192
"KW126XP",58.514927814306,-3.4888165420465
"KW126XQ",58.515416119364,-3.5418225571324
"KW126XR",58.512817033981,-3.4864609315815
"KW126XS",58.513789199582,-3.4870686119218
"KW126XT",58.514711494201,-3.4881034439809
"KW126XU",58.51423005349,-3.4893363906406
"KW126XW",58.515053371797,-3.4911568873972
"KW126XX",58.515113041301,-3.4922067492924
"KW126XY",58.512593906568,-3.4933015724355
"KW126XZ",58.51426661272,-3.4923768408827
"KW126YA",58.512145108653,-3.4894025611204
"KW126YB",58.513471063589,-3.4920340286749
"KW126YD",58.513181265465,-3.4883648578684
"KW126YE",58.511153378237,-3.4881588225292
"KW126YF",58.510394856248,-3.4861696700696
"KW126YG",58.508618941396,-3.4905749630396
"KW126YH",58.515136711342,-3.4971181944461
"KW126YJ",58.517019391911,-3.4943652968292
"KW126YL",58.516356145233,-3.4934614270465
"KW126YN",58.517085648603,-3.4925308900045
"KW126YP",58.513939173233,-3.4919508872076
"KW126YQ",58.509458679856,-3.4871085868826
"KW126YT",58.512600209247,-3.4881170685254
"KW126YW",58.486975221005,-3.5873944511331
"KW126YX",58.52001319325,-3.4957118052725
"KW126ZA",58.518260923394,-3.4996037044979
"KW136YT",58.451048471133,-3.8908166261908
"KW136YU",58.463594273843,-3.9003032132829
"KW147AA",58.593923148156,-3.5214942171264
"KW147AB",58.593377307899,-3.5228299306346
"KW147AD",58.592479201075,-3.5220509817842
"KW147AE",58.592710643011,-3.5237473677969
"KW147AF",58.592031090229,-3.5227198024422
"KW147AG",58.592156997979,-3.5227080667933
"KW147AH",58.593218318291,-3.5218421805184
"KW147AJ",58.593372564007,-3.5209540747173
"KW147AL",58.593703330334,-3.520331738671
"KW147AN",58.593793146249,-3.5210927878289
"KW147AP",58.592825667058,-3.5208615050722
"KW147AQ",58.592854276908,-3.5222393500781
"KW147AR",58.592503241676,-3.5207786809079
"KW147AS",58.589072830705,-3.5395388911557
"KW147AT",58.585857472289,-3.5387266876336
"KW147AW",58.593345566739,-3.5194386184904
"KW147AX",58.571536931272,-3.547023600931
"KW147BE",58.594309011048,-3.520771018521
"KW147BG",58.594579215736,-3.521471082264
"KW147BJ",58.595240275209,-3.5187463965651
"KW147BL",58.595595162608,-3.5191231670629
"KW147BQ",58.594903650583,-3.5206247438768
"KW147BY",58.591420920555,-3.5287156849472
"KW147BZ",58.588189372831,-3.5330308865708
"KW147DB",58.594131124421,-3.5228971102658
"KW147DD",58.593863809205,-3.5234705648527
"KW147DE",58.593132037602,-3.5238173163646
"KW147DF",58.593297742496,-3.5242375092935
"KW147DG",58.592474140623,-3.5247523174837
"KW147DH",58.591831334555,-3.5244146192287
"KW147DJ",58.59183399026,-3.5249481533218
"KW147DL",58.590480018324,-3.5262485359457
"KW147DN",58.591420133696,-3.5272702744561
"KW147DP",58.591420920555,-3.5287156849472
"KW147DQ",58.592632899589,-3.5242430027289
"KW147DR",58.585765814619,-3.5343700227579
"KW147DS",58.587543064507,-3.5292175221359
"KW147DT",58.589503230484,-3.53133335793
"KW147DU",58.589703351459,-3.5326325552199
"KW147DW",58.589449827642,-3.5297824932462
"KW147DX",58.590539772665,-3.5333057761753
"KW147DY",58.589493816145,-3.5351354575742
"KW147DZ",58.590793287787,-3.5376529269975
"KW147EA",58.588884694391,-3.5349883349861
"KW147EB",58.588028001476,-3.5322495930446
"KW147EE",58.586076478073,-3.5331793253377
"KW147EF",58.585771164318,-3.5293982722035
"KW147EG",58.589015853484,-3.5262363847991
"KW147EJ",58.589594711093,-3.538718724516
"KW147EL",58.589638792487,-3.536535495608
"KW147EP",58.589856537057,-3.538609778288
"KW147EQ",58.590180244908,-3.5242567619079
"KW147ER",58.587594973709,-3.5354135859196
"KW147ES",58.587406680361,-3.5346311154394
"KW147ET",58.587038600612,-3.5338579897394
"KW147EU",58.588374544672,-3.534828346926
"KW147EW",58.590342290678,-3.5378052007985
"KW147EX",58.588182758824,-3.5343381992961
"KW147EY",58.587777577418,-3.5329096425286
"KW147GY",58.587497376879,-3.538316949211
"KW147GZ",58.592061724545,-3.526196980287
"KW147HA",58.595016940724,-3.5216793855348
"KW147HB",58.595467919413,-3.521526884523
"KW147HD",58.595370754969,-3.5206278085685
"KW147HE",58.595564902567,-3.5262291205917
"KW147HF",58.596117246973,-3.5213141564505
"KW147HH",58.595639739071,-3.5214310929827
"KW147HJ",58.59529347127,-3.5226034591707
"KW147HL",58.595215324574,-3.5231335328495
"KW147HN",58.594214188329,-3.5234685917323
"KW147HP",58.592947775705,-3.524962211834
"KW147HQ",58.595813567244,-3.5204061022142
"KW147HR",58.593405288679,-3.5257736840661
"KW147HS",58.592264757734,-3.527255467086
"KW147HT",58.593858098473,-3.5269807580119
"KW147HU",58.594200119595,-3.5246553465009
"KW147HW",58.593026137027,-3.5251721139502
"KW147HY",58.59491616938,-3.5233614473598
"KW147HZ",58.595579572386,-3.5227191462304
"KW147JA",58.596519918701,-3.5237237409477
"KW147JB",58.595729983733,-3.523672176268
"KW147JD",58.594855577058,-3.5254410453561
"KW147JE",58.594840264548,-3.5267310185637
"KW147JF",58.595450833692,-3.5252432480904
"KW147JG",58.596156080336,-3.5248609312354
"KW147JH",58.59722993432,-3.5312580564913
"KW147JJ",58.596953057107,-3.5303682655228
"KW147JL",58.595706295733,-3.5279389672701
"KW147JN",58.596495643739,-3.5257705966607
"KW147JP",58.596909254812,-3.5280086423942
"KW147JQ",58.59622036129,-3.5255004697087
"KW147JR",58.597179437442,-3.5279515880441
"KW147JS",58.59606016095,-3.5268874337741
"KW147JT",58.597638954093,-3.5293484234263
"KW147JU",58.598141430921,-3.532416560052
"KW147JW",58.596447485367,-3.5252866383516
"KW147JY",58.597878764051,-3.5280681399651
"KW147JZ",58.597499430236,-3.5267264359405
"KW147LB",58.58592592704,-3.5397619451629
"KW147LD",58.58795186293,-3.541623091989
"KW147LE",58.583296978044,-3.5319739655481
"KW147LF",58.586598137892,-3.5428882951209
"KW147LG",58.600024103182,-3.5380064770295
"KW147LH",58.587181653669,-3.5436709965006
"KW147LJ",58.596798263984,-3.5267647175279
"KW147LL",58.596514350181,-3.5294886331331
"KW147LN",58.595926657904,-3.5290499585433
"KW147LP",58.595017491292,-3.5307139346818
"KW147LQ",58.586866346842,-3.5407495184007
"KW147LR",58.595675164742,-3.5313105647901
"KW147LS",58.596470796391,-3.5316379003603
"KW147LT",58.59544290771,-3.5319543495694
"KW147LU",58.594554004793,-3.5319154824033
"KW147LW",58.59568604723,-3.5296417709766
"KW147LX",58.594583876132,-3.5301615292169
"KW147LY",58.593886364328,-3.5306473095191
"KW147LZ",58.593133301903,-3.5320254443723
"KW147NA",58.592642745768,-3.5317286759513
"KW147NB",58.593871819519,-3.5318684474533
"KW147ND",58.593029776439,-3.5331738314729
"KW147NE",58.591477466711,-3.533019876323
"KW147NF",58.590567686372,-3.5339780495625
"KW147NG",58.591800952021,-3.5322597110512
"KW147NH",58.591455937551,-3.5310573487983
"KW147NJ",58.590761663367,-3.5320249939113
"KW147NL",58.591036799984,-3.5307981418373
"KW147NN",58.592506664926,-3.5310860532211
"KW147NP",58.594640471605,-3.5276687765319
"KW147NQ",58.592295607066,-3.5322125127906
"KW147NR",58.597334567924,-3.5322780068939
"KW147NT",58.584156114224,-3.5314954167446
"KW147NW",58.593011174928,-3.5294561645478
"KW147NX",58.595189408945,-3.5328725363705
"KW147NY",58.595353442763,-3.5334303951344
"KW147NZ",58.595992623176,-3.5355750943803
"KW147PA",58.595745480083,-3.5329484930457
"KW147PB",58.596513965824,-3.5332918879361
"KW147PD",58.596796540786,-3.5367117414032
"KW147PE",58.596608522338,-3.5351546448302
"KW147PF",58.596194059733,-3.5352569481178
"KW147PG",58.596064919017,-3.5392954450156
"KW147PH",58.596725184406,-3.5381714188804
"KW147PJ",58.596608505597,-3.5396635179654
"KW147PL",58.595849986045,-3.5414887639084
"KW147PN",58.593873497423,-3.53699653095
"KW147PP",58.595000685353,-3.5396444867514
"KW147PQ",58.596534366057,-3.5383523443733
"KW147PR",58.595613254887,-3.5380021377183
"KW147PS",58.595658483571,-3.5387269003433
"KW147PT",58.594728394515,-3.5383762987462
"KW147PU",58.594954790299,-3.5374741820048
"KW147PW",58.594490044604,-3.5402759666306
"KW147PX",58.594155335457,-3.5367163545931
"KW147PY",58.594260536062,-3.5354303474134
"KW147PZ",58.593175548993,-3.5375165626107
"KW147QA",58.592674984458,-3.535051131835
"KW147QB",58.592900946353,-3.5341834431231
"KW147QD",58.593802316333,-3.5339303743618
"KW147QE",58.594213029997,-3.5348948095666
"KW147QF",58.594502301892,-3.5332382677851
"KW147QG",58.592221993175,-3.5346183119878
"KW147QH",58.584698615565,-3.5334631250567
"KW147QJ",58.584014533949,-3.534327765361
"KW147QL",58.584359349213,-3.5317795513787
"KW147QN",58.555754003043,-3.6098087162896
"KW147QP",58.553576216652,-3.6144013025046
"KW147QQ",58.584958952207,-3.5342314782393
"KW147QR",58.5489483053,-3.6059046151007
"KW147QS",58.582935073031,-3.5336956221568
"KW147QT",58.583726359299,-3.5313734208807
"KW147QU",58.586566190311,-3.5365556258368
"KW147QW",58.571535704752,-3.6235859872108
"KW147QX",58.582538722797,-3.5345384063765
"KW147QY",58.55296045622,-3.6881630472052
"KW147QZ",58.553004315208,-3.6868760099943
"KW147RA",58.558814028792,-3.6574141926746
"KW147RB",58.515882810046,-3.6537406774541
"KW147RD",58.555344052919,-3.7090086463649
"KW147RE",58.560570776798,-3.7675803748879
"KW147RF",58.558704791946,-3.7842827363749
"KW147RG",58.558773463876,-3.7864524034517
"KW147RH",58.555505393796,-3.7914602805648
"KW147RJ",58.55697091352,-3.7913803909138
"KW147RL",58.55687413069,-3.7944526316267
"KW147RN",58.563544689936,-3.8018435226854
"KW147RP",58.570676122663,-3.7213812411605
"KW147RQ",58.557298651746,-3.7884918191514
"KW147RR",58.560529147102,-3.7430100598903
"KW147RS",58.592481089367,-3.5354900299533
"KW147RW",58.564075359023,-3.7576982762813
"KW147RY",58.574818258593,-4.0125930013476
"KW147RZ",58.556235941743,-3.9902437045664
"KW147SA",58.551592163303,-4.0841959089233
"KW147SB",58.562021873586,-4.0041211937776
"KW147SD",58.560787888537,-3.7648576644784
"KW147SG",58.511900889528,-4.2190348451787
"KW147SH",58.589211367611,-3.5414720292334
"KW147SJ",58.58866407409,-3.5414135446629
"KW147SL",58.588119254658,-3.5411487074359
"KW147SN",58.588559717881,-3.5403766245092
"KW147SP",58.525727592495,-4.2206813573455
"KW147SQ",58.48709221218,-4.2018550588096
"KW147SR",58.525613045562,-4.2106595302386
"KW147SS",58.528521309007,-4.2207205806564
"KW147ST",58.526588491221,-4.2197394571291
"KW147SU",58.526751448104,-4.2212270866625
"KW147SW",58.587936024517,-3.5391964629516
"KW147SX",58.527312571791,-4.2225509663893
"KW147SY",58.52995225226,-4.2205877337542
"KW147SZ",58.532888027174,-4.1977505867698
"KW147TA",58.535974364811,-4.1932872899737
"KW147TB",58.542618034621,-4.1553953128293
"KW147TD",58.525722805642,-4.2230344080204
"KW147TH",58.522724385298,-4.2767099711264
"KW147TJ",58.535709088475,-4.3078628330243
"KW147TY",58.580052628163,-3.736274192893
"KW147TZ",58.580052628163,-3.736274192893
"KW147UB",58.601249523068,-3.544445838099
"KW147UD",58.600342553498,-3.5451631457281
"KW147UE",58.601442010103,-3.5426298704423
"KW147UF",58.605473534774,-3.5487806479105
"KW147UG",58.600640286114,-3.5368115212375
"KW147UH",58.604195303729,-3.5475019837639
"KW147UJ",58.61241650835,-3.5481408184091
"KW147UL",58.611754974013,-3.5501087313586
"KW147UN",58.607935028022,-3.5525046766979
"KW147UP",58.610415644919,-3.552408068272
"KW147UQ",58.602489841888,-3.5428997806861
"KW147UR",58.609996017656,-3.553680669811
"KW147UT",58.603928280632,-3.55325656961
"KW147UU",58.599153439314,-3.5371937687802
"KW147UW",58.61413765852,-3.5477003856315
"KW147UX",58.610864456986,-3.5539258034871
"KW147UY",58.602085221316,-3.546668632352
"KW147UZ",58.605744472742,-3.6816864706445
"KW147XA",58.599502283982,-3.5418215907007
"KW147XB",58.59907119209,-3.541062557785
"KW147XD",58.577856716242,-3.5421767799394
"KW147XE",58.583824501371,-3.5374504217313
"KW147XF",58.573802433229,-3.5602630573395
"KW147XG",58.566713509487,-3.5750620001108
"KW147XH",58.564031781285,-3.5323532475846
"KW147XJ",58.563706765332,-3.5347461092766
"KW147XL",58.571563076226,-3.545597388327
"KW147XN",58.55059492304,-3.5545735508613
"KW147XP",58.570596880412,-3.5452624612971
"KW147XQ",58.585265309796,-3.5830524957625
"KW147XR",58.597664276186,-3.5287299713888
"KW147XT",58.598671565071,-3.5399262970329
"KW147XU",58.599863975454,-3.6276354404492
"KW147XW",58.59688606024,-3.5479707444517
"KW147XX",58.59863222226,-3.6411403216306
"KW147XY",58.596533600352,-3.6590607055627
"KW147YA",58.594902271727,-3.6788427649044
"KW147YB",58.584236946041,-3.7089549344183
"KW147YD",58.58090523385,-3.68161280039
"KW147YE",58.58273849303,-3.6657018186099
"KW147YH",58.518842130549,-3.5660471714473
"KW147YJ",58.554471832816,-3.9178059868071
"KW147YL",58.564833968114,-3.9313895228563
"KW147YN",58.570526975101,-3.9309979600831
"KW147YP",58.565144221343,-3.9322663899665
"KW147YQ",58.557481667342,-3.9268071200711
"KW147YR",58.564689285675,-3.9338404997783
"KW147YS",58.5579059258,-3.9296671129045
"KW147YT",58.556777121567,-3.9264589788207
"KW147YU",58.563641900145,-3.9306016944798
"KW147YW",58.565825220301,-3.9341782712484
"KW147YX",58.564223854139,-3.9307368989774
"KW148AA",58.595514720347,-3.5183280726134
"KW148AB",58.595240275209,-3.5187463965651
"KW148AD",58.595882244735,-3.518395627337
"KW148AE",58.595325058033,-3.5168915278736
"KW148AG",58.595650578277,-3.5174735153294
"KW148AH",58.595722308126,-3.5159622362283
"KW148AJ",58.596029924165,-3.5173006462275
"KW148AL",58.595969553923,-3.5178487214584
"KW148AN",58.596057962075,-3.5187302158823
"KW148AP",58.596490688617,-3.5170796713204
"KW148AQ",58.595468465481,-3.5161577582023
"KW148AR",58.596017799969,-3.5160438585819
"KW148AS",58.596316478976,-3.5150930671371
"KW148AT",58.595835327144,-3.5155196930166
"KW148AU",58.595991555794,-3.5144594895741
"KW148AW",58.596428085721,-3.5178169594845
"KW148AX",58.596390071049,-3.5141841593808
"KW148AY",58.596593951769,-3.5144166927973
"KW148AZ",58.596834675357,-3.5160964175455
"KW148BB",58.596938820565,-3.5171679152902
"KW148BD",58.596809342281,-3.5190037213753
"KW148BE",58.596431581023,-3.5182817615966
"KW148BG",58.596543467258,-3.5194568457641
"KW148BH",58.596465997713,-3.5214497658023
"KW148BJ",58.596438193484,-3.5200029773346
"KW148BL",58.596992983697,-3.5186674926148
"KW148BN",58.597429596144,-3.5144011872218
"KW148BP",58.597058625047,-3.5146260850821
"KW148BQ",58.596847383891,-3.5211049293321
"KW148BS",58.596915428937,-3.5153426936198
"KW148BT",58.597087249072,-3.5129579922752
"KW148BU",58.594293245877,-3.516020861299
"KW148BW",58.597580616263,-3.5145453942896
"KW148BY",58.595165617355,-3.5159381486775
"KW148BZ",58.594527155237,-3.5167537328601
"KW148DA",58.597759653911,-3.5130730813591
"KW148DB",58.594736194868,-3.5150247295457
"KW148DD",58.594279900709,-3.5179131884521
"KW148DE",58.597901218701,-3.5124940561338
"KW148DF",58.593463120028,-3.5040943555134
"KW148DG",58.592823345672,-3.5027247105363
"KW148EG",58.594461012644,-3.5200720748414
"KW148EH",58.594222853258,-3.5197003700037
"KW148EJ",58.594862756199,-3.518764448858
"KW148EL",58.594807699602,-3.5196224867832
"KW148EN",58.595029048637,-3.5183758596949
"KW148EP",58.593763433522,-3.5182865972091
"KW148ER",58.595389378768,-3.51753103717
"KW148HL",58.594630630602,-3.5102534435097
"KW148HN",58.595485532366,-3.5108926029663
"KW148HP",58.600250908771,-3.5051775151642
"KW148HR",58.592838391497,-3.5091093292137
"KW148HS",58.593714286699,-3.5094912129877
"KW148HT",58.593553983482,-3.5086067071227
"KW148HU",58.593081831646,-3.5090337760925
"KW148HW",58.60047312485,-3.503844588527
"KW148HX",58.593833439506,-3.5077583409507
"KW148HY",58.594216806213,-3.5072413854954
"KW148HZ",58.59569286845,-3.5062379359253
"KW148JA",58.595195690102,-3.5057347197266
"KW148JB",58.594910136986,-3.504036015657
"KW148JD",58.594857512288,-3.5054620590189
"KW148JE",58.594852588563,-3.5066492315624
"KW148JF",58.594438035465,-3.5059946992434
"KW148JG",58.594262569173,-3.504868625926
"KW148JH",58.594754622004,-3.5027387091663
"KW148JJ",58.594710662667,-3.503425159117
"KW148JL",58.593831983119,-3.5048157162891
"KW148JN",58.593510672991,-3.5054041897488
"KW148JP",58.593008185656,-3.5076539989289
"KW148JQ",58.59411918593,-3.5040708949694
"KW148JR",58.592861685826,-3.5063571335312
"KW148JS",58.593386896607,-3.5060011427927
"KW148JT",58.591952706188,-3.5072644443114
"KW148JU",58.592423037893,-3.5069921523745
"KW148JW",58.593764123113,-3.5067745058008
"KW148JX",58.592475201896,-3.5079063829007
"KW148JZ",58.593791791814,-3.5128328968255
"KW148NE",58.591570360307,-3.5130467123316
"KW148NF",58.590580524109,-3.5139503246193
"KW148NG",58.592116706138,-3.5116593179747
"KW148NH",58.591528546753,-3.5112553939519
"KW148NJ",58.590302310973,-3.5131640232789
"KW148NL",58.590182880497,-3.5126254740955
"KW148NN",58.591397818706,-3.5101485216224
"KW148NP",58.590075176364,-3.511089478584
"KW148NQ",58.591731703424,-3.5123137799899
"KW148NR",58.59065480172,-3.5083958593821
"KW148NT",58.590333826353,-3.5120125640835
"KW148NW",58.591105662444,-3.509017499344
"KW148NX",58.590164996321,-3.5080306524758
"KW148PP",58.592610137606,-3.5162921866592
"KW148PS",58.590828558842,-3.5180561936759
"KW148PT",58.58859211532,-3.5202992546273
"KW148PU",58.588148489292,-3.5205897037269
"KW148PX",58.588139983338,-3.5228260139568
"KW148PY",58.587445334824,-3.5223140932374
"KW148PZ",58.586505245326,-3.5250775817273
"KW148QA",58.585911208581,-3.5244151797716
"KW148QB",58.587155930539,-3.5209595525712
"KW148QD",58.58660929778,-3.5231207985267
"KW148QE",58.585977720656,-3.5233514140502
"KW148QF",58.585389394295,-3.5229645618641
"KW148QG",58.585069210665,-3.5226925934781
"KW148QH",58.585294454753,-3.5211196267803
"KW148QJ",58.586159707077,-3.5216388984218
"KW148QL",58.586814350498,-3.5217361391934
"KW148QN",58.587091270459,-3.5218685960512
"KW148QP",58.587195477566,-3.5198945739074
"KW148QQ",58.585327136047,-3.5221532757773
"KW148QR",58.5876629892,-3.5198632341962
"KW148QS",58.586815077812,-3.5193963491602
"KW148QT",58.587385828064,-3.5189909721483
"KW148QU",58.587835381755,-3.518958841923
"KW148QW",58.58766403688,-3.5205342740923
"KW148QX",58.58781575876,-3.5183386094405
"KW148QY",58.58792008987,-3.5193926410669
"KW148QZ",58.588350022592,-3.5187402734807
"KW148RA",58.588409659247,-3.5197751788766
"KW148RB",58.588588794919,-3.5190603190213
"KW148RD",58.588152648575,-3.5179574851188
"KW148RE",58.589336304633,-3.5135696619881
"KW148RF",58.589257385196,-3.5141684544967
"KW148SL",58.585924363254,-3.3725743096925
"KW148SN",58.577722795864,-3.4000478413251
"KW148SP",58.59053878782,-3.4369678126774
"KW148SR",58.594608387345,-3.4305095983311
"KW148SS",58.595320604399,-3.4025578481555
"KW148ST",58.597301089978,-3.4371591236701
"KW148SW",58.576002864143,-3.4346349523429
"KW148SX",58.590933480375,-3.3153369142304
"KW148SY",58.619867741744,-3.2797452726063
"KW148SZ",58.623476814049,-3.2808588780218
"KW148TA",58.595299428517,-3.2615366572232
"KW148TB",58.575715170445,-3.3302618038679
"KW148TD",58.563763201234,-3.349631677031
"KW148TE",58.556693624002,-3.386729236822
"KW148TF",58.596730385522,-3.4017882527184
"KW148TG",58.595316033966,-3.3889114755684
"KW148TH",58.594984739793,-3.3921334710897
"KW148TP",58.594205396285,-3.3919304287745
"KW148TQ",58.596469598494,-3.5135336436523
"KW148TS",58.594816064476,-3.3936066618528
"KW148TT",58.595862614357,-3.3973309251545
"KW148TU",58.592068439515,-3.3860124737511
"KW148TX",58.591547541661,-3.3818279171883
"KW148TY",58.591892779329,-3.3881391441339
"KW148UA",58.586860120133,-3.3791485103463
"KW148UB",58.588829199538,-3.3789851270904
"KW148UD",58.589458367191,-3.3806271898397
"KW148UE",58.592325053891,-3.3855408332619
"KW148UF",58.593901191879,-3.3884940324239
"KW148UG",58.593291641285,-3.387540684411
"KW148UH",58.593702876281,-3.3860599177815
"KW148UJ",58.592156121776,-3.3837102412295
"KW148UL",58.592504837828,-3.3838616666245
"KW148UN",58.591975040936,-3.3821717010101
"KW148UP",58.592932238307,-3.3833795403021
"KW148UQ",58.593380807007,-3.3867698854334
"KW148UR",58.59419651811,-3.3877658029524
"KW148US",58.591572366001,-3.3845303054923
"KW148UT",58.592237139753,-3.3795149933438
"KW148UU",58.591068687149,-3.3837533330566
"KW148UW",58.592583317452,-3.3815762450994
"KW148UX",58.592198196518,-3.3873081122479
"KW148XD",58.622774392914,-3.3418318536847
"KW148XE",58.62325890091,-3.3393015929982
"KW148XF",58.622626371497,-3.3387951850366
"KW148XG",58.623563143653,-3.3402776684178
"KW148XH",58.637524343163,-3.2276026880106
"KW148XJ",58.637688333879,-3.2264196682858
"KW148XL",58.648993409486,-3.1953811020685
"KW148XN",58.651714759936,-3.2613139058181
"KW148XP",58.64133582202,-3.3040332776865
"KW148XQ",58.629956439916,-3.3108953549078
"KW148XR",58.648509587991,-3.3496958648888
"KW148XS",58.671039342647,-3.3709331554407
"KW148XT",58.641779963057,-3.2685888173587
"KW148XW",58.645227029318,-3.2751932744574
"KW148YD",58.626579841636,-3.3524496705757
"KW148YE",58.643697481653,-3.3373788485638
"KW148YH",58.569775287578,-3.5047291488377
"KW148YJ",58.562123450311,-3.4617467736757
"KW148YL",58.561762587982,-3.4658234526661
"KW148YN",58.57558522569,-3.4652833403752
"KW148YS",58.593046346363,-3.4678718714991
"KW148YT",58.598485805139,-3.4484630830599
"KW149AA",58.593703330334,-3.520331738671
"KW151AA",58.983614041681,-2.9589067029236
"KW151AB",58.983932561996,-2.95955937179
"KW151AE",58.983188574199,-2.9605652896291
"KW151AF",58.982737498086,-2.9608311316124
"KW151AG",58.982387527476,-2.9607865879785
"KW151AH",58.983920111801,-2.9624475040057
"KW151AL",58.981972567591,-2.9622365922617
"KW151AN",58.982006032075,-2.9625681160625
"KW151AP",58.981290975473,-2.9620957936659
"KW151AQ",58.981566583146,-2.9612683114486
"KW151AR",58.980908831202,-2.9615457725981
"KW151AS",58.980524618748,-2.9612740863772
"KW151AT",58.979421667146,-2.9622350639553
"KW151AU",58.979268098459,-2.9623525693352
"KW151AX",58.979270941919,-2.9619698897376
"KW151AY",58.978104864817,-2.9629638446196
"KW151AZ",58.977638758716,-2.9652472857547
"KW151BA",58.97808261311,-2.9683564613195
"KW151BB",58.976399404219,-2.9676307682576
"KW151BD",58.976074514631,-2.9654296977891
"KW151BE",58.977818403025,-2.9628340705992
"KW151BF",58.978934822431,-2.9685021576814
"KW151BG",58.97750008461,-2.9633645053572
"KW151BH",58.976961964639,-2.9644628923428
"KW151BJ",58.975381915682,-2.963148823923
"KW151BL",58.975551835099,-2.9620402046321
"KW151BN",58.97722590467,-2.9615823485053
"KW151BP",58.97706444526,-2.9603426622964
"KW151BQ",58.975045645525,-2.9612606731425
"KW151BS",58.977680903912,-2.9595769347534
"KW151BT",58.97750080337,-2.9620597324141
"KW151BU",58.978607754986,-2.9605595818993
"KW151BW",58.976128436687,-2.9605949653159
"KW151BX",58.98079240906,-2.9627082550213
"KW151BY",58.979583728709,-2.9706081641209
"KW151BZ",58.979053060378,-2.9646953066463
"KW151DB",58.980123944536,-2.9656299658634
"KW151DD",58.983614041681,-2.9589067029236
"KW151DE",58.975549877293,-2.9501411212422
"KW151DF",58.982670087103,-2.9590196713577
"KW151DG",58.981392832969,-2.9592625641373
"KW151DH",58.982047745378,-2.9593677663758
"KW151DJ",58.982255708153,-2.9591821518983
"KW151DL",58.978961494275,-2.9673372408787
"KW151DN",58.980615248,-2.9599543015602
"KW151DP",58.983614041681,-2.9589067029236
"KW151DQ",58.979573025492,-2.9599949056728
"KW151DR",58.978407579211,-2.9669389666251
"KW151DS",58.980622551635,-2.9601806892125
"KW151DT",58.980513369929,-2.9603690378352
"KW151DU",58.980009703036,-2.960459413283
"KW151DX",58.979955692641,-2.9604753086723
"KW151DY",58.979382034163,-2.9591022859428
"KW151DZ",58.979884669523,-2.9591510510565
"KW151EA",58.979107937634,-2.9609388616377
"KW151EB",58.978910975823,-2.9584280738826
"KW151EE",58.977452571854,-2.95887469855
"KW151EF",58.976041515275,-2.9589920685942
"KW151EG",58.976307607977,-2.9582340097574
"KW151EH",58.976567262578,-2.958345598646
"KW151EJ",58.97691095718,-2.9580245995656
"KW151EL",58.976552390994,-2.9579276637175
"KW151EN",58.974036400016,-2.9531958571794
"KW151EP",58.976083139999,-2.9545745111528
"KW151EQ",58.976044505024,-2.9573742776015
"KW151ER",58.974784208372,-2.9541036949008
"KW151ES",58.974907868922,-2.953167733624
"KW151ET",58.97570930567,-2.9553296110229
"KW151EU",58.975006139503,-2.9568931835293
"KW151EW",58.975192681934,-2.9559589673183
"KW151EX",58.978372672634,-2.9655983667173
"KW151EY",58.976192196811,-2.9470622165379
"KW151EZ",58.979567397369,-2.959542393978
"KW151FB",58.971118641048,-2.9456532759326
"KW151FD",58.970895785097,-2.9454210514514
"KW151FE",58.970799884163,-2.9462533288347
"KW151FF",58.969958233238,-2.9471173251052
"KW151FG",58.971677408858,-2.9466252659674
"KW151FH",58.971760087456,-2.9476016143448
"KW151FJ",58.980551387342,-2.9697306413042
"KW151FL",58.992363085953,-2.9744834796746
"KW151FN",58.975549570383,-2.9489581694717
"KW151FP",58.986803112547,-2.9980801543239
"KW151FQ",58.984887608686,-2.9395574561996
"KW151FR",58.984773784169,-2.940389597834
"KW151FT",58.980318415759,-2.9672534833691
"KW151FU",58.986219229163,-2.9404811973566
"KW151FY",58.979740027238,-2.9665239397763
"KW151GA",58.981706174387,-2.9533206980483
"KW151GB",58.983614041681,-2.9589067029236
"KW151GD",58.98943686479,-2.9766110405795
"KW151GE",58.990653017076,-2.9725555523246
"KW151GF",58.991969790896,-2.9742287053999
"KW151GG",58.994026035472,-2.9731206066647
"KW151GH",58.978242145661,-2.9602014546193
"KW151GJ",58.990154753739,-2.9767009778608
"KW151GL",58.988826859434,-2.9741225493519
"KW151GN",58.987741528637,-2.9703329815735
"KW151GP",58.989413359853,-2.9725728151989
"KW151GR",58.98830487646,-2.9730636483664
"KW151GT",58.989471068309,-2.9696680915402
"KW151GU",58.98351521653,-2.9601219752574
"KW151GW",58.979658918763,-2.9653559798461
"KW151GY",58.982142789474,-2.9598749962416
"KW151GZ",58.983203956473,-2.9560590906423
"KW151HA",58.975668923699,-2.9473783889902
"KW151HD",58.983125888263,-2.9593281397693
"KW151HE",58.982701020425,-2.9584811355969
"KW151HF",58.982704882127,-2.9579592472658
"KW151HG",58.982574681288,-2.9573466403869
"KW151HL",58.983786884075,-2.9573976713208
"KW151HN",58.984897252232,-2.9468661065111
"KW151HP",58.984008451977,-2.9565859949149
"KW151HQ",58.983220229117,-2.9575037505708
"KW151HR",58.984609356497,-2.9567070582119
"KW151HS",58.983614041681,-2.9589067029236
"KW151HT",58.984831427006,-2.9533896400431
"KW151HU",58.987329922127,-2.9592710077709
"KW151HW",58.984019469728,-2.9575259280564
"KW151HX",58.984941635119,-2.954280134599
"KW151HY",58.984439126332,-2.9542140353576
"KW151HZ",58.984451677495,-2.9525091116495
"KW151JA",58.984371648402,-2.9548385940174
"KW151JB",58.984419498478,-2.9556577514988
"KW151JD",58.984071964749,-2.9552827153282
"KW151JE",58.983670933293,-2.9548540053442
"KW151JF",58.982559690819,-2.9557280453688
"KW151JG",58.981706054618,-2.9557740017728
"KW151JH",58.979223398817,-2.956261987847
"KW151JJ",58.979499739319,-2.955330140013
"KW151JL",58.979504597885,-2.9571048944398
"KW151JN",58.980400435565,-2.9574255160981
"KW151JP",58.979960375683,-2.958631200925
"KW151JQ",58.979528983891,-2.9537999041229
"KW151JR",58.982882071354,-2.9448446217095
"KW151JS",58.981626771248,-2.9420785667805
"KW151JT",58.980967144347,-2.9438526511819
"KW151JU",58.981075556749,-2.9425332925025
"KW151JW",58.980287011492,-2.9581879093409
"KW151JX",58.981780565311,-2.9431615248775
"KW151JY",58.983614041681,-2.9589067029236
"KW151JZ",58.984032154314,-2.958239701423
"KW151LA",58.984019469728,-2.9575259280564
"KW151LB",58.984626136598,-2.9580821882279
"KW151LD",58.984799977919,-2.9576519923733
"KW151LE",58.984922612846,-2.9580730192254
"KW151LG",58.985241698995,-2.9562199581218
"KW151LH",58.985970508413,-2.9536125304171
"KW151LJ",58.983189349356,-2.9470454437226
"KW151LL",58.986667723959,-2.9516305888848
"KW151LN",58.988048763163,-2.9519297190898
"KW151LP",58.988356611442,-2.950371971268
"KW151LR",58.982671066671,-2.9721391881728
"KW151LS",58.986172241193,-2.9506076313029
"KW151LT",58.986512040941,-2.949590289687
"KW151LW",58.987605375747,-2.951151784125
"KW151LX",58.985193600725,-2.9468742386735
"KW151LY",58.984853591169,-2.9430019074641
"KW151NA",58.983616711283,-2.9475617808563
"KW151NB",58.983410918664,-2.9437628907935
"KW151ND",58.983750166936,-2.9514109249611
"KW151NE",58.983594330537,-2.9530596556499
"KW151NF",58.982963482775,-2.950902036482
"KW151NG",58.98266355691,-2.9513809666979
"KW151NH",58.981802858613,-2.951165845296
"KW151NJ",58.982203928796,-2.9528124608714
"KW151NL",58.982642950072,-2.9541817678114
"KW151NN",58.983066049817,-2.9552722685734
"KW151NP",58.985789605667,-2.9525634469315
"KW151NR",58.985285304364,-2.9527409374503
"KW151NS",58.983966824429,-2.9426644657051
"KW151NT",58.977709587004,-2.9397447938134
"KW151NU",58.984699618513,-2.9590760775212
"KW151NW",58.983658094356,-2.9565936828522
"KW151NX",58.982496921093,-2.9581448715191
"KW151NY",58.981898747057,-2.9552225564656
"KW151PA",58.981467045375,-2.9565155489425
"KW151PB",58.981342301195,-2.9588087811725
"KW151PD",58.980756300216,-2.9578877592391
"KW151PE",58.981656389757,-2.9527625447878
"KW151PF",58.980476626061,-2.9519644313449
"KW151PG",58.981385804994,-2.9516937248757
"KW151PH",58.980943264096,-2.9495762485348
"KW151PJ",58.981665127902,-2.9491263299299
"KW151PL",58.980360185182,-2.9494732120832
"KW151PN",58.979683986964,-2.9498199737488
"KW151PP",58.979010287136,-2.9522719455719
"KW151PQ",58.980937138524,-2.9504112292144
"KW151PR",58.979979898391,-2.9523334961228
"KW151PS",58.978400546866,-2.9533511756752
"KW151PT",58.976087966514,-2.9514780667567
"KW151PU",58.977782294591,-2.9519249127997
"KW151PW",58.979406280976,-2.9509432122467
"KW151PY",58.974953641682,-2.9518295107733
"KW151PZ",58.977523313041,-2.9541620126697
"KW151QA",58.976654535469,-2.9538248543364
"KW151QB",58.975703269368,-2.9537115867085
"KW151QD",58.976744343721,-2.9550451148056
"KW151QE",58.977162822277,-2.955543811343
"KW151QF",58.977649544003,-2.9565315347166
"KW151QG",58.978093946166,-2.9547345083737
"KW151QH",58.978978470837,-2.9578036211252
"KW151QJ",58.978874944291,-2.9486842431582
"KW151QL",58.978735268559,-2.9493589192631
"KW151QN",58.980356585272,-2.9450538577031
"KW151QP",58.982175168332,-2.9444772759883
"KW151QQ",58.978715879471,-2.9568742483897
"KW151QR",58.985711020222,-2.9473582739434
"KW151QS",58.982261614898,-2.962018456611
"KW151QW",58.980189421083,-2.9555928111948
"KW151QX",58.984862970396,-2.961273137046
"KW151QY",58.984498077404,-2.9620286054811
"KW151QZ",58.986088138271,-2.9680242776255
"KW151RA",58.993742901271,-2.9701536918709
"KW151RB",58.980384671656,-2.9349982127222
"KW151RD",58.986908109631,-2.9736681300205
"KW151RE",58.988679511353,-2.9746056702841
"KW151RF",58.973057039863,-2.9532383953922
"KW151RG",58.99351785579,-2.9714179519759
"KW151RH",58.987187498937,-2.9687512074865
"KW151RJ",58.979808176243,-2.9646120231878
"KW151RL",58.974292200063,-2.9574822394412
"KW151RP",58.982185397044,-2.9686281829315
"KW151RQ",58.99096672035,-2.9702496574504
"KW151RR",58.982091290776,-2.9704002977049
"KW151RS",58.981225439025,-2.9768484322578
"KW151RT",58.972243648172,-2.9514764794949
"KW151RU",58.972360300771,-2.9490444477683
"KW151RW",58.971593131285,-2.9568681605683
"KW151RX",58.970795934749,-2.9529150574753
"KW151RY",58.972204568249,-2.9543455027761
"KW151RZ",58.973101956863,-2.9713652487339
"KW151SA",58.970071924001,-2.9895606083295
"KW151SB",58.969218068913,-2.9754303207678
"KW151SD",58.962717972753,-2.9702558478952
"KW151SE",58.964072192876,-2.9942058623586
"KW151SF",58.956724692951,-3.011607287563
"KW151SG",58.950833644603,-3.0296705698755
"KW151SH",58.977702577794,-2.969928958583
"KW151SJ",58.97234748873,-2.9713614147822
"KW151SL",58.970023695215,-2.9504412677138
"KW151SN",58.974628100103,-2.9496808554672
"KW151SP",58.971757434213,-2.9430442337607
"KW151SQ",58.977166891692,-2.9682959762164
"KW151SR",58.968777658076,-2.9340577396485
"KW151SS",58.953518962374,-2.9237878299199
"KW151ST",58.949526516494,-2.9516678726115
"KW151SU",58.967281265214,-2.9508353659415
"KW151SW",58.973172603167,-2.9485101381019
"KW151SX",58.953012536552,-2.9588395441652
"KW151SY",58.963518566284,-2.9519490785523
"KW151SZ",58.978991092942,-2.9351866326104
"KW151TA",58.974246415266,-2.9342405014105
"KW151TB",58.986984610911,-2.9290167690339
"KW151TD",58.990141675728,-2.9445561402841
"KW151TE",58.996244595614,-2.9439921918692
"KW151TF",58.970181209276,-2.9497846500196
"KW151TG",58.982840409743,-2.9602771993657
"KW151TH",58.954111628396,-2.9008724101691
"KW151TJ",58.977411380896,-2.9728261106508
"KW151TL",58.978377788063,-2.9392584559881
"KW151TN",58.978612539776,-2.971955279943
"KW151TP",58.984971228779,-2.993346273224
"KW151TQ",58.980950820412,-2.9607291906541
"KW151TR",58.978633295745,-3.013762980442
"KW151TS",58.983615620813,-3.0412803105832
"KW151TT",58.995951081218,-3.0921846729466
"KW151TU",59.001800940309,-3.0929618931107
"KW151TW",58.977773353663,-2.9808043274306
"KW151TX",58.994002536319,-3.0508537300798
"KW151TY",58.999139007877,-3.0103792182358
"KW151TZ",58.991927194899,-2.9881511505724
"KW151UA",58.987647144245,-2.9792925555772
"KW151UB",58.992322984742,-2.9880754644878
"KW151UD",58.97990672609,-2.9402221808862
"KW151UE",58.998610854566,-2.9409757736637
"KW151UF",58.996107711496,-2.9268777960721
"KW151UH",58.985417960576,-2.9723557883163
"KW151UJ",58.994150053635,-2.9392875767103
"KW151UL",58.987022643379,-2.979918707189
"KW151UN",58.977471920951,-2.9477062316899
"KW151UP",58.973495482395,-2.9510239170294
"KW151UQ",58.974132909783,-2.9498411874741
"KW151UR",58.974476119209,-2.9508073938808
"KW151US",58.972807322613,-2.9505526933561
"KW151UT",58.97793825634,-2.9441177700605
"KW151UU",58.977733203744,-2.9451386026956
"KW151UW",58.978661235099,-2.975036070879
"KW151UX",58.976767234498,-2.9458080255293
"KW151UY",58.976575129397,-2.9450547021089
"KW151UZ",58.976063787747,-2.9437359666992
"KW151WA",58.970969192607,-2.9402744668023
"KW151WB",58.971461446968,-2.9479065122531
"KW151WD",58.970981475912,-2.9472149713291
"KW151WP",58.983614041681,-2.9589067029236
"KW151WQ",58.983614041681,-2.9589067029236
"KW151WS",58.983614041681,-2.9589067029236
"KW151WT",58.978430158242,-2.9332576932301
"KW151WU",58.969671841154,-2.9518752230632
"KW151WW",58.98577872144,-2.949152474853
"KW151WX",58.978138658003,-2.9620427167141
"KW151WY",58.975570234347,-2.9680076389024
"KW151WZ",58.983847430254,-2.9577125588736
"KW151XA",58.977115874555,-2.9435733654465
"KW151XB",58.977493806635,-2.9434793139861
"KW151XD",58.977570716454,-2.9427855271427
"KW151XE",58.976753004497,-2.9428327794563
"KW151XF",58.976191171773,-2.9422781406737
"KW151XG",58.976779951233,-2.9415983407071
"KW151XH",58.977083380013,-2.9406323873658
"KW151XJ",58.971218659117,-2.9491696111671
"KW151XL",58.971836301212,-2.9457772997892
"KW151XN",58.979238960676,-2.9344452327308
"KW151XP",58.985519450096,-2.9731939110893
"KW151XQ",58.977702640534,-2.9407014555608
"KW151XR",58.985519450096,-2.9731939110893
"KW151XS",58.971042669523,-2.9437552552471
"KW151XT",58.970615671052,-2.9431869838994
"KW151XU",58.980901056027,-2.9368738842495
"KW151XX",58.980205499838,-2.9361764593062
"KW151XY",58.980300109439,-2.9576315165199
"KW151YA",58.983614041681,-2.9589067029236
"KW151YB",58.983614041681,-2.9589067029236
"KW151YD",58.983614041681,-2.9589067029236
"KW151YF",58.973157377174,-2.9493620756534
"KW151YN",58.988345866784,-2.9481615353385
"KW151YP",58.989053710494,-2.9471716131946
"KW151YQ",58.983614041681,-2.9589067029236
"KW151YR",58.989244146422,-2.9481514165814
"KW151YS",58.988903210131,-2.9493254478197
"KW151YT",58.989931611405,-2.9474915751142
"KW151YU",58.989382129539,-2.9452488754629
"KW151YW",58.988451779154,-2.9471898933754
"KW151YX",58.983614041681,-2.9589067029236
"KW151ZG",58.984886561704,-2.9725496254213
"KW151ZH",58.984550198221,-2.9742802269958
"KW151ZJ",58.984462829489,-2.9751477990868
"KW151ZL",58.998314419042,-2.9844870336572
"KW151ZZ",58.983614041681,-2.9589067029236
"KW159AD",58.983614041681,-2.9589067029236
"KW159BD",58.983614041681,-2.9589067029236
"KW159BF",58.983614041681,-2.9589067029236
"KW163AA",58.963600131781,-3.2963039119435
"KW163AD",58.965063640875,-3.2954718664577
"KW163AE",58.965341714004,-3.294612696907
"KW163AF",58.96760006537,-3.2816003261931
"KW163AG",58.967508545058,-3.2935112105393
"KW163AH",58.971054693827,-3.2928091240723
"KW163AJ",58.965461364364,-3.2970172936958
"KW163AL",58.965105679426,-3.2966560947669
"KW163AN",58.964802138887,-3.2982621319718
"KW163AP",58.962403204569,-3.2992153794103
"KW163AQ",58.969802532648,-3.2940668053111
"KW163AR",58.962088583381,-3.2992383237647
"KW163AS",58.962356639658,-3.3002744514522
"KW163AT",58.961968438258,-3.3004685192798
"KW163AU",58.962127510679,-3.3016222789062
"KW163AW",58.963951894661,-3.2997432136679
"KW163AX",58.962317708865,-3.3023598505495
"KW163AY",58.963019073166,-3.3013950204756
"KW163AZ",58.963971979354,-3.30221354464
"KW163BA",58.962950852928,-3.2983490498625
"KW163BB",58.963018937523,-3.297829883163
"KW163BF",58.962627238082,-3.3001629053713
"KW163BG",58.963369555132,-3.3031647273175
"KW163BH",58.964468008342,-3.2939538425437
"KW163BL",58.968745387758,-3.2802339504679
"KW163BN",58.967149078182,-3.283601164291
"KW163BP",58.96333067834,-3.297198130864
"KW163BQ",58.962955686929,-3.304122997848
"KW163BS",58.963069932756,-3.2972231179269
"KW163BT",58.962659071896,-3.2978859214626
"KW163BU",58.962094775999,-3.2977255902299
"KW163BW",58.966219544754,-3.2831317973932
"KW163BX",58.962351338205,-3.29811782349
"KW163BY",58.96163919092,-3.2983692976182
"KW163BZ",58.961098868885,-3.2985054932334
"KW163DA",58.960347489487,-3.2990858765622
"KW163DB",58.961176716796,-3.2988040495511
"KW163DD",58.960144362794,-3.2996346981001
"KW163DE",58.960212006807,-3.3000545910111
"KW163DF",58.958906279179,-3.2994837773859
"KW163DG",58.959397766105,-3.3006325589053
"KW163DH",58.958159683633,-3.3004816060665
"KW163DJ",58.957725639118,-3.2998740639546
"KW163DL",58.956097879672,-3.2991694745222
"KW163DN",58.954861538994,-3.2988447879365
"KW163DP",58.955272743225,-3.2999382425965
"KW163DQ",58.958557388269,-3.300235751033
"KW163DR",58.956261120265,-3.3016968000558
"KW163DS",58.956853747801,-3.3017191333806
"KW163DT",58.958124423422,-3.3022017329773
"KW163DU",58.960687051407,-3.3028374388601
"KW163DW",58.953762675267,-3.2982471132233
"KW163DX",58.962277996649,-3.3036278613309
"KW163DY",58.959849695488,-3.3003539600608
"KW163DZ",58.961330490774,-3.2995923843901
"KW163EA",58.961668209346,-3.2999528974423
"KW163EB",58.960242704561,-3.2987863137905
"KW163ED",58.959048375772,-3.2996456237057
"KW163EE",58.966345722397,-3.2812754879245
"KW163EF",58.968126369608,-3.2810632736225
"KW163EH",58.961935800581,-3.3019280794942
"KW163EJ",58.957344690255,-3.3029200220986
"KW163EL",58.956340769381,-3.3027082785961
"KW163EP",58.965937354336,-3.2979221833879
"KW163EQ",58.958336655943,-3.3034269324919
"KW163EU",58.977525115278,-3.2871013155524
"KW163EX",58.981335390243,-3.2824062114092
"KW163EY",58.977185246052,-3.2390704059481
"KW163EZ",58.971659113167,-3.2184502994748
"KW163HA",58.958723723254,-3.2232800416832
"KW163HB",58.948317352454,-3.2161495305245
"KW163HD",58.962647134719,-3.1119645881769
"KW163HE",58.987761636264,-3.1429156545515
"KW163HF",58.994298033976,-3.156378359889
"KW163HG",59.003140314567,-3.1719615055073
"KW163HH",58.993274820448,-3.1772309391255
"KW163HJ",58.973601796025,-3.2905038439889
"KW163HQ",58.997056917369,-3.1811200984206
"KW163HR",58.974155347266,-3.2917422925409
"KW163HS",58.973451635457,-3.2974392847871
"KW163HT",58.980253333572,-3.3026190783882
"KW163HU",58.999232183352,-3.3018561623832
"KW163HX",59.015220929096,-3.3009796573536
"KW163HY",59.017686078188,-3.2642850268856
"KW163HZ",59.033539799321,-3.2907452591745
"KW163JA",59.030780755159,-3.2616988935273
"KW163JB",59.043637620732,-3.280630076916
"KW163JD",59.053395365031,-3.2921177076434
"KW163JE",59.049227675642,-3.2965987831677
"KW163JF",59.025408946314,-3.2918169497342
"KW163JG",58.970360556077,-3.2858427027309
"KW163JH",58.972358659352,-3.2727139227127
"KW163JJ",58.960010572634,-3.2878570702566
"KW163JL",58.97100706003,-3.2849622499367
"KW163JN",58.962789582006,-3.3063427462696
"KW163JP",58.967805521031,-3.3271784395566
"KW163JQ",58.967705803045,-3.2845263081515
"KW163JR",58.957729141949,-3.3048820071551
"KW163JS",58.970219451229,-3.2882900682582
"KW163JT",58.971393159897,-3.2840720782952
"KW163JU",58.976753536379,-3.2715537534752
"KW163JW",58.961289428679,-3.3125638080181
"KW163JX",58.98536346094,-3.2282616507888
"KW163JY",58.98803053406,-3.2063589094282
"KW163JZ",58.997403570086,-3.2126228769315
"KW163LA",58.979812585947,-3.1740052473894
"KW163LB",58.983680848942,-3.2133238524347
"KW163LE",58.970929499084,-3.2828197996904
"KW163LH",58.97282389664,-3.2901442420244
"KW163LJ",58.974140432637,-3.2887321464337
"KW163LL",58.9894751677,-3.2903840373473
"KW163LN",59.001186398345,-3.2851640020782
"KW163LP",59.031045164183,-3.3137402053139
"KW163LR",59.049414104455,-3.3340029875771
"KW163LS",59.067102482221,-3.3294559770602
"KW163LT",59.069629578474,-3.3079569612819
"KW163LU",59.076755382283,-3.3192205867755
"KW163LW",59.019159982159,-3.3049780338297
"KW163LX",59.068337584914,-3.3140307217836
"KW163LY",59.063682978821,-3.3168528849607
"KW163LZ",59.068239868276,-3.3201149903858
"KW163NG",58.929648541783,-3.2852319018952
"KW163NJ",58.912383175801,-3.3288550933489
"KW163NN",58.828999684682,-3.0928350901321
"KW163NP",58.826384573641,-3.1024876322499
"KW163NQ",58.791202926614,-3.2527688725988
"KW163NR",58.838651305319,-3.19573839692
"KW163NS",58.836246465798,-3.2070567194886
"KW163NT",58.832687497802,-3.2043688227476
"KW163NU",58.842138955352,-3.2099478380021
"KW163NW",58.831930843018,-3.2036322510167
"KW163NX",58.817654500218,-3.2000895572839
"KW163NY",58.803446604493,-3.2256168492886
"KW163NZ",58.78504414558,-3.2403320583074
"KW163PA",58.793089015358,-3.1911425153404
"KW163PG",58.79955435858,-3.19913568052
"KW163PH",58.799386538917,-3.2046167282373
"KW163PQ",58.801006133245,-3.159201109733
"KW163WY",58.828999684682,-3.0928350901321
"KW172AA",59.162342416933,-2.7659257305094
"KW172AB",59.225469574535,-2.7605410362793
"KW172AE",59.120423405641,-2.6084148031213
"KW172AF",59.099919391147,-2.5867696942549
"KW172AG",59.110412460361,-2.5761563696158
"KW172AJ",59.094734305262,-2.5932969047295
"KW172AN",59.100851734108,-2.6565168802497
"KW172AR",59.1411488933,-2.5995882448873
"KW172AS",59.14054684752,-2.5918169688111
"KW172AT",59.141767492012,-2.6357123753796
"KW172AU",59.03847320889,-2.5734186195619
"KW172AY",59.254547619034,-2.5977905435563
"KW172AZ",59.283013650031,-2.5789645841336
"KW172BA",59.227904262769,-2.6582900122706
"KW172BB",59.255913377358,-2.5487075861081
"KW172BE",59.364123166275,-2.4249212282047
"KW172BG",59.381248884256,-2.4084129314919
"KW172BJ",59.233847012277,-2.5974809143517
"KW172BL",59.2456726308,-2.5576426083132
"KW172BN",59.256598334282,-2.5731672687884
"KW172BP",59.283586612952,-2.4600924079385
"KW172BU",59.347846643817,-2.891618416825
"KW172BW",59.256054172327,-2.5429748570986
"KW172BZ",59.315948655237,-2.9869601353372
"KW172DA",59.316364805069,-2.9770275167309
"KW172DB",59.305614723231,-2.9538677645133
"KW172DD",59.290163877531,-2.9051199900152
"KW172DE",59.253174613579,-2.8686435573982
"KW172DF",59.322877049098,-2.9864931899715
"KW172DG",59.322011202049,-2.9881551128427
"KW172DH",59.321600933526,-2.987774176061
"KW172DJ",59.321792671208,-2.9897303333967
"KW172DL",59.325211465666,-2.9746627879294
"KW172DN",59.336526375435,-2.9713125533102
"KW172DP",59.290842645745,-2.975330282343
"KW172DQ",59.318986802121,-2.994920219673
"KW172DR",59.276774750577,-2.9804561247153
"KW172DU",59.038000860136,-2.8999466583075
"KW172DW",59.318047691983,-3.0026064565424
"KW172DX",59.032710681642,-2.9076496630654
"KW172DY",59.042100378884,-2.9006987180561
"KW172DZ",59.04588761349,-2.8574454220818
"KW172EA",59.034114880227,-2.855705967113
"KW172EB",59.067202636545,-2.8211909034818
"KW172ED",59.036947018931,-2.900372221345
"KW172EE",59.007684971714,-3.1139741858318
"KW172EG",59.007249452015,-3.1144824918608
"KW172EH",59.00345872298,-3.1040179956849
"KW172EJ",59.002090975936,-3.1043049927707
"KW172EL",59.00852549607,-3.1196258415027
"KW172EN",59.009204308032,-3.1169487749027
"KW172EP",59.009227570229,-3.1194570946589
"KW172EQ",59.004101003699,-3.1076948780352
"KW172ER",59.01654842318,-3.1121183554147
"KW172ES",59.014039972506,-3.1082058768879
"KW172ET",59.028534461357,-3.0700620696813
"KW172EU",59.030352196873,-3.1007677856346
"KW172EW",59.008880323176,-3.1128461121045
"KW172EX",59.051218844834,-3.0684310676287
"KW172EY",59.061090209332,-3.0463973394112
"KW172EZ",59.066105266959,-3.0189388882488
"KW172GY",59.070418156305,-3.233897662568
"KW172GZ",59.032628590755,-2.8536303332838
"KW172HA",59.08321425933,-3.0429000449678
"KW172HB",59.089147277799,-3.0434117306258
"KW172HD",59.090298919456,-3.0498525140094
"KW172HE",59.087893408095,-3.0573886733267
"KW172HF",59.076872067524,-3.0596319400833
"KW172HG",59.068270106001,-3.0592796727031
"KW172HH",59.067540625177,-3.2295033156153
"KW172HJ",59.003003422181,-3.1057966958555
"KW172HN",59.070064891656,-3.2313729368256
"KW172HP",59.092917828278,-3.2564738182267
"KW172HQ",59.031225006952,-3.0899575107356
"KW172HR",59.087728375736,-3.2478538672076
"KW172HS",59.074595420427,-3.2423175053143
"KW172HT",59.06890105983,-3.2309649345703
"KW172HU",59.069365406615,-3.229359224728
"KW172HW",59.070930654997,-3.2272170876044
"KW172HX",59.072211240116,-3.2238259593168
"KW172HY",59.079213775283,-3.2184914509486
"KW172HZ",59.065165466969,-3.2088888646263
"KW172JA",59.063120346999,-3.2220025450819
"KW172JB",59.072370238454,-3.206856751925
"KW172JD",59.102653025428,-3.2084096774272
"KW172JE",59.063410855606,-3.2377798968256
"KW172JF",59.052894020304,-3.2636952712779
"KW172JG",59.072983358389,-3.2851598760831
"KW172JH",59.082519163579,-3.2837014913519
"KW172JQ",59.070172079316,-3.2585733463285
"KW172JR",59.032649456851,-3.1756839580333
"KW172JS",59.02188412268,-3.1879985101305
"KW172JT",59.018503972518,-3.1764902562769
"KW172JU",59.019345655473,-3.1558253378334
"KW172JX",58.996991114448,-3.1228721180871
"KW172JY",58.999866683648,-3.1493577586618
"KW172JZ",59.006690100673,-3.1405655925205
"KW172LA",59.043190003161,-3.1682522765308
"KW172LB",59.039358605376,-3.1865970722755
"KW172LD",59.041510781134,-3.1918828771825
"KW172LE",59.039445510578,-3.2111926241434
"KW172LF",59.054101317769,-3.2182646427288
"KW172LG",59.059544305267,-3.2173412678696
"KW172LH",59.004356232859,-3.1187591762392
"KW172LL",59.131282361801,-3.3126662738949
"KW172LN",59.100402521803,-3.2719031603083
"KW172LP",59.123861225291,-3.243489172864
"KW172LQ",59.05066421059,-3.1918337479889
"KW172LR",59.121393238636,-3.2692567510445
"KW172LS",59.12459833425,-3.2930857129307
"KW172LT",59.133755044397,-3.2845698830741
"KW172LU",59.137094977393,-3.2991676476283
"KW172LW",59.110165447594,-3.2525989516566
"KW172LX",59.129424895785,-3.3142553454056
"KW172LY",59.125408503835,-3.3001054959085
"KW172LZ",59.108161994692,-3.2811672329148
"KW172NA",59.101618779086,-3.2996413241056
"KW172NB",59.09346670651,-3.3258849025892
"KW172ND",59.110179215161,-3.3227402773341
"KW172NH",59.118241123846,-3.073032172389
"KW172NJ",59.133596103541,-3.1541851120056
"KW172NL",59.133297705348,-3.1644688592652
"KW172NN",59.136491691185,-3.1698732473012
"KW172NP",59.139827934254,-3.2354153639343
"KW172NR",59.134373815729,-3.2308844908452
"KW172NS",59.138819068793,-3.2535230429723
"KW172NW",59.140303006594,-3.1903154370044
"KW172NY",59.04762877517,-3.0810979824896
"KW172NZ",59.060938434096,-3.0737555578752
"KW172PA",59.054714342275,-3.1047030738107
"KW172PB",59.05070315436,-3.0117880421516
"KW172PE",59.104514749767,-3.0862060220183
"KW172PF",59.101758754802,-3.070893355679
"KW172PG",59.095588495226,-3.0751875287054
"KW172PH",59.110664263031,-3.0983291701354
"KW172PJ",59.117361944829,-3.1176190390209
"KW172PL",59.108366358106,-3.1223034368476
"KW172PQ",59.096170465578,-3.0710682959625
"KW172PR",59.160054988872,-2.9830259662581
"KW172PS",59.180358004787,-3.0689931322316
"KW172PT",59.134985199661,-3.0530900151677
"KW172PU",59.132198884606,-2.9858275931868
"KW172PY",59.131792133706,-2.9861654139177
"KW172PZ",59.131547419174,-2.9864554602535
"KW172QA",59.121579989305,-2.9730313006448
"KW172QD",59.149864278979,-2.9300700308969
"KW172QG",58.919220078667,-2.8178318678459
"KW172QH",58.937367220372,-2.742776971579
"KW172QJ",58.938908390962,-2.7260235812966
"KW172QL",58.944444478634,-2.7674872229608
"KW172QN",58.923113464299,-2.828467245142
"KW172QP",58.948791691025,-2.8790402082662
"KW172QQ",58.926485419962,-2.7651604702173
"KW172QR",58.960419268691,-2.8622954574197
"KW172QS",58.975041062197,-2.8378021565217
"KW172QT",58.947172431682,-2.852561378572
"KW172QU",58.934653361525,-2.8536426923952
"KW172QW",58.933722877508,-2.7578668448159
"KW172QX",58.95142420317,-2.9024190483189
"KW172QY",58.823517850736,-2.956179534889
"KW172QZ",58.896874650747,-2.9166526263058
"KW172RA",58.947580798135,-3.0675193950488
"KW172RB",58.938579213009,-3.1259616211476
"KW172RD",58.919527458609,-3.1714897225267
"KW172RE",58.932000362821,-3.2061061793233
"KW172RF",58.935526480647,-3.1871147838372
"KW172RG",58.897366589543,-2.914409259188
"KW172RH",58.807066238815,-2.9983659206939
"KW172RJ",58.791891168353,-2.9741886155218
"KW172RL",58.788662540708,-2.9395966774298
"KW172RN",58.762991458019,-2.9590636495709
"KW172RP",58.933281979591,-3.1642583751122
"KW172RQ",58.936184305071,-3.1389162810869
"KW172RR",58.898554720342,-2.9051196966051
"KW172RS",58.896625914734,-2.9111787524573
"KW172RT",58.896454774725,-2.9150620795062
"KW172RU",58.897244770677,-2.9061962872493
"KW172RW",58.744655499226,-2.9411743240081
"KW172RX",58.903670181391,-2.9018856085607
"KW172RY",58.905309976904,-2.9265807097752
"KW172RZ",58.93023725731,-2.9363000764141
"KW172SA",58.91261205103,-2.9012156921934
"KW172SB",58.90273749642,-2.8635142433192
"KW172SD",58.896920182454,-2.8426281632283
"KW172SE",58.897576564427,-2.9101102816298
"KW172SF",58.885249195182,-2.8952291223271
"KW172SG",58.896595030691,-2.9053461741026
"KW172SH",58.826968108506,-2.9536070003847
"KW172SJ",58.82660801573,-2.9549308703401
"KW172SL",58.826463437442,-2.9574731523433
"KW172SN",58.825577679778,-2.9594233277417
"KW172SP",58.825799654477,-2.9573509220209
"KW172SR",58.825174471361,-2.9544411052908
"KW172SS",58.845873751002,-2.9128611631272
"KW172ST",58.844813290249,-2.9305624311576
"KW172SU",58.850096495597,-2.9190388970834
"KW172SW",58.829311062012,-2.9610682343438
"KW172SX",58.855500192101,-2.9283354418801
"KW172SY",58.864539950409,-2.9037460074552
"KW172SZ",58.854148372274,-2.9036312473732
"KW172TA",58.847899063447,-2.8903654409299
"KW172TB",58.847847137156,-2.9081467714378
"KW172TD",58.826489841619,-2.9539056522468
"KW172TE",58.845134088129,-2.9183701999277
"KW172TF",58.897880925187,-2.9064212215058
"KW172TG",58.816770572798,-2.9624355911411
"KW172TH",58.829995750848,-2.9061206917642
"KW172TJ",58.814442414991,-2.9320690190771
"KW172TL",58.827804766693,-2.9715064568223
"KW172TN",58.824942132401,-2.9627486699971
"KW172TP",58.825776118844,-2.9605200431417
"KW172TQ",58.832034378755,-2.9326625729352
"KW172TR",58.825078263552,-2.9553045004075
"KW172TS",58.826086568599,-2.9610482700981
"KW172TT",58.846560266401,-2.9186505900942
"KW172TW",58.821520001151,-2.9923906427395
"KW172TX",58.846736562676,-2.9178580082271
"KW172TY",59.081150379446,-2.986369867045
"KW172UB",59.004792588842,-3.1129405146172
"KW172UD",58.824874526553,-2.958555185751
"KW172UE",59.00429137182,-3.1137774815265
"KW172UF",59.004204857957,-3.1123469764615
"KW172UQ",59.004971432732,-3.115122724232
"KW172UR",59.005930475849,-3.1132732511236
"KW172UT",59.005449311749,-3.113867124429
"KW26AA",58.350074008753,-3.1641263720763
"KW26AB",58.347130920639,-3.1617740907742
"KW36AD",58.310568042112,-3.2840539793215
"KW36AE",58.302456123283,-3.2831457220861
"KW36AF",58.301971856933,-3.28485178452
"KW36AG",58.301438185933,-3.2843204879302
"KW36AH",58.299877931959,-3.2849294622153
"KW36AJ",58.299142348324,-3.2821384422216
"KW36AL",58.298451642981,-3.2829325122124
"KW36AN",58.298406222575,-3.2811903846422
"KW36AP",58.299945253711,-3.2809047255668
"KW36AQ",58.300503061852,-3.2826142760291
"KW36AR",58.300757810198,-3.2796030432015
"KW36AS",58.305267866676,-3.2669316178415
"KW36AT",58.31955404111,-3.282006481449
"KW36AU",58.319018587255,-3.2562915470293
"KW36AW",58.298976929606,-3.2807161604136
"KW36AX",58.305992982689,-3.2433878206318
"KW36AY",58.307216403629,-3.2551733332881
"KW36AZ",58.308364016233,-3.240671825267
"KW36BA",58.324128279631,-3.2070212570524
"KW36BB",58.323663568481,-3.2488918099002
"KW36BD",58.342309869554,-3.2602106219152
"KW36BG",58.300345261782,-3.2813287285426
"KW36BH",58.306409436081,-3.2848761344027
"KW36BJ",58.304968863384,-3.2834073663571
"KW36BL",58.306649945355,-3.2841850855063
"KW36BN",58.308135271188,-3.2838804807761
"KW36BP",58.309275591607,-3.2821466428901
"KW36BQ",58.302264876721,-3.2842992475537
"KW36BS",58.308758298834,-3.2853538823182
"KW36BT",58.302191991102,-3.3030515071181
"KW36BU",58.300777722298,-3.3095865198746
"KW36BW",58.308934678082,-3.283892377031
"KW36BX",58.296124355438,-3.3226722357286
"KW36BY",58.313748498968,-3.31759429528
"KW36DA",58.31767294167,-3.2975088566149
"KW36DB",58.299152660544,-3.2855857292376
"KW56DG",58.287752946487,-3.344945571264
"KW56DJ",58.288847115705,-3.3679828632125
"KW56DL",58.27778789511,-3.3730477503384
"KW56DN",58.28194982018,-3.3677850704627
"KW56DP",58.274850784307,-3.380505407726
"KW56DQ",58.287764221171,-3.3892645186645
"KW56DR",58.273614754343,-3.3784963435616
"KW56DS",58.277483645941,-3.3845984510958
"KW56DT",58.268368900507,-3.3982915788976
"KW56DU",58.289161922955,-3.4084941342618
"KW56DW",58.27606931993,-3.3832983756928
"KW56DX",58.365450330461,-3.4019924142969
"KW66EA",58.246349045031,-3.4372276624415
"KW66EB",58.246334568326,-3.4353187056503
"KW66ED",58.246737523595,-3.4330346953196
"KW66EE",58.245344537839,-3.4266572019017
"KW66EF",58.247189520341,-3.425555589631
"KW66EG",58.249319774065,-3.4286742918372
"KW66EH",58.254229058038,-3.4121358171428
"KW66EJ",58.255966517797,-3.4255670942664
"KW66EL",58.261231566604,-3.4447168233268
"KW66EN",58.289422211526,-3.4415661566377
"KW66EP",58.247260399648,-3.4368726321391
"KW66EQ",58.249765704166,-3.4249432893567
"KW66ET",58.25108172478,-3.4413727781676
"KW66EU",58.243229925344,-3.4516856209528
"KW66EX",58.247006910346,-3.5750023217704
"KW66EY",58.228215190958,-3.4495566403873
"KW66EZ",58.246935573011,-3.4377966540207
"KW76HA",58.201838262088,-3.4809008175007
"KW76HB",58.182864835202,-3.4970183914534
"KW76HD",58.182042068122,-3.5240273140707
"KW76HE",58.184982992632,-3.5002542761146
"KW76HF",58.184050735853,-3.4985480713135
"KW86HH",58.117275035951,-3.66282312831
"KW86HJ",58.108894615735,-3.6715989282416
"KW86HL",58.098561086093,-3.6860313993152
"KW86HN",58.099189317531,-3.6826840891521
"KW86HP",58.077969999625,-3.7570712037597
"KW86HR",58.082680348914,-3.7438178962067
"KW86HT",58.11657566519,-3.6558126621431
"KW86HU",58.128961798513,-3.6677835159787
"KW86HW",58.097807075854,-3.6886938853854
"KW86HX",58.13555384361,-3.6624690559884
"KW86HY",58.154913056575,-3.8299709534664
"KW86JA",58.117181488627,-3.6513585460188
"KW86JD",58.117242862619,-3.6500880265741
"KW86JE",58.117866527846,-3.6511864964129
"KW86JF",58.117733128457,-3.6517745680333
"KW86JG",58.118552335817,-3.6530349464885
"KW86JH",58.118318362619,-3.6502905515838
"KW86JJ",58.118767468444,-3.6516866016897
"KW86JL",58.120441516099,-3.6549222838574
"KW86JN",58.121818071294,-3.6582293534478
"KW86JP",58.117917647594,-3.6486251176117
"KW86JQ",58.118345050502,-3.6510048883197
"KW86JR",58.117563329678,-3.6475391230971
"KW86JS",58.122838636087,-3.6348603010404
"KW86JU",58.115670049229,-3.6487420240468
"KW86JW",58.119121444889,-3.650022059495
"KW86JX",58.116081783113,-3.6481668258177
"KW86JY",58.116845198582,-3.6488811900507
"KW86JZ",58.115675297159,-3.6490308815948
"KW86LA",58.115414740144,-3.6448594239692
"KW86LB",58.115623658823,-3.6467705107355
"KW86LD",58.11578375021,-3.6441124436667
"KW86LE",58.116619198579,-3.6420286979068
"KW86LF",58.116468786043,-3.6446363480053
"KW86LG",58.117039051122,-3.6470904754617
"KW86LH",58.117173469893,-3.649201958777
"KW86LJ",58.116294244488,-3.6456299876435
"KW86LQ",58.116405040341,-3.6474856646861
"KW96AD",58.013712502415,-3.8532798104502
"KW96LA",58.013842304449,-3.8554704804819
"KW96LN",58.020624049317,-3.8543654293064
"KW96LP",58.026696031429,-3.8470755099541
"KW96LR",58.024068223929,-3.8689043924918
"KW96LS",58.031983656212,-3.8658619861239
"KW96LT",58.03485151931,-3.8515956001981
"KW96LU",58.038279305243,-3.8395072734759
"KW96LW",58.019547365397,-3.8554949879529
"KW96LX",58.065674738416,-3.9744679789474
"KW96LY",58.01301420113,-3.851872410545
"KW96LZ",58.014934166136,-3.8477390244734
"KW96NA",58.006833057426,-3.8598471196704
"KW96NB",58.012404402892,-3.8530259470426
"KW96ND",58.012530852351,-3.8560628268881
"KW96NE",58.012140699506,-3.8698229388214
"KW96NF",58.013211511288,-3.8623620392444
"KW96NG",58.018006220238,-3.873600058541
"KW96NH",58.027694365695,-3.8856067260752
"KW96NJ",58.004768478537,-3.8859579156423
"KW96NL",57.992886904996,-3.8922365385061
"KW96NN",58.007448770931,-3.8972538496867
"KW96NP",58.01238796672,-3.8578499253444
"KW96NQ",58.013908632988,-3.8815461069367
"KW96NR",58.011662438394,-3.8515317040374
"KW96NS",58.011522842321,-3.8518630685533
"KW96NT",58.011283254403,-3.8522739066551
"KW96NU",58.0115175367,-3.8528446646585
"KW96NW",58.009997407911,-3.8523428823509
"KW96NX",58.011260095963,-3.8538640056281
"KW96NY",58.011204802405,-3.8558079415274
"KW96NZ",58.009930351623,-3.8587890081649
"KW96PA",58.010688877665,-3.8579142099739
"KW96PB",58.011209816048,-3.8529980434926
"KW96PD",58.010846772123,-3.852014351125
"KW96PF",58.009386866467,-3.8535470598712
"KW96PG",58.009621098937,-3.8553535308677
"KW96PH",58.008476727561,-3.8543463653506
"KW96PJ",58.007890536902,-3.8551116147596
"KW96PL",58.008082819168,-3.8567127216039
"KW96PN",58.007147701912,-3.8573752105642
"KW96PP",58.009759922494,-3.8519920501772
"KW96PQ",58.01043347064,-3.8544814540507
"KW96PR",58.009673716952,-3.8511242720167
"KW96PS",58.011011835842,-3.8505500960437
"KW96PT",58.010849980819,-3.8493228894327
"KW96PU",58.010282389026,-3.8494290300469
"KW96PW",58.007285891983,-3.8559097376898
"KW96PX",58.009308041135,-3.8472289347763
"KW96PY",58.013403828533,-3.8442234028012
"KW96PZ",58.009206157616,-3.8455816992688
"KW96QA",58.009250166247,-3.8450253512179
"KW96QB",58.009695786562,-3.8458946843455
"KW96QD",58.009733699355,-3.846996952222
"KW96QE",58.010430034721,-3.846067923729
"KW96QF",58.010718843822,-3.847217001354
"KW96QH",58.008824970501,-3.8581900051578
"KW96QJ",58.012724568822,-3.8514003520602
"KW96QL",58.015883860335,-3.8466874878557
"KW96QN",58.014997746536,-3.8526351976927
"KW96QP",58.016045837247,-3.8565496384919
"KW96QQ",58.014608986489,-3.8478577002609
"KW96QR",58.017468183171,-3.853897340437
"KW96QS",58.013362813771,-3.8458126782348
"KW96QT",58.01498060483,-3.8457774912941
"KW96QU",58.013073739776,-3.8502502524164
"KW96QW",58.014825405441,-3.8539807173609
"KW96QX",58.014088518161,-3.8502857136594
"KW96QY",58.015390966241,-3.8496926672992
"KW96QZ",58.017039753478,-3.8555513852356
