"LD15AB",52.252655649709,-3.3691996624144
"LD15AD",52.246295925391,-3.3748197050205
"LD15AE",52.241491374931,-3.3642125853069
"LD15AF",52.241491374931,-3.3642125853069
"LD15AL",52.22825694749,-3.3818330668723
"LD15AP",52.241286612988,-3.3771989486924
"LD15BA",52.250471308707,-3.3714618896643
"LD15BB",52.241367443115,-3.3779777894134
"LD15BD",52.240804294222,-3.3769203566988
"LD15BE",52.244053852412,-3.3766254403384
"LD15BF",52.250415215321,-3.3700976297385
"LD15BG",52.248490379634,-3.3747849974504
"LD15BH",52.248865058483,-3.3742691683644
"LD15BJ",52.254295622513,-3.3712282059174
"LD15BL",52.25226477434,-3.3726600235713
"LD15BN",52.250232590214,-3.373432384951
"LD15BP",52.251538688402,-3.3732383086671
"LD15BQ",52.246682613194,-3.3748170096441
"LD15BS",52.25116997839,-3.3732415725037
"LD15BT",52.250943895997,-3.3733517984928
"LD15BU",52.250708313499,-3.3735056828164
"LD15BW",52.252304778403,-3.3730861516322
"LD15BX",52.251922725396,-3.3719168959904
"LD15BY",52.250328740029,-3.3736697681161
"LD15BZ",52.251546587825,-3.3710115651794
"LD15DA",52.249540239308,-3.3742021315405
"LD15DB",52.249069412982,-3.3744805897873
"LD15DD",52.269074072671,-3.30171187912
"LD15DE",52.23933324447,-3.3681011432282
"LD15DF",52.251377216699,-3.3685595967232
"LD15DG",52.240410088593,-3.3775672948387
"LD15DH",52.240205910008,-3.3773412590235
"LD15DL",52.240542657161,-3.3762238198407
"LD15DN",52.240498054727,-3.3761931446764
"LD15DP",52.23906474135,-3.3765003329571
"LD15DU",52.238953350525,-3.3760281792094
"LD15DY",52.239717396764,-3.3760518140675
"LD15EA",52.239229892106,-3.3769888004009
"LD15EB",52.245732138747,-3.3753589505534
"LD15ED",52.231159472627,-3.3904170356033
"LD15EE",52.240565468844,-3.3750380683544
"LD15EF",52.24233016192,-3.3717528332696
"LD15EG",52.243074019007,-3.3719662046019
"LD15EH",52.242223855026,-3.3708413687665
"LD15EL",52.241272904093,-3.3745179669714
"LD15EP",52.247190335866,-3.3729135820317
"LD15EQ",52.239126402825,-3.3773810699188
"LD15ER",52.239452077574,-3.3787533490746
"LD15ES",52.238159663486,-3.3754616959216
"LD15ET",52.240350857417,-3.3780195346387
"LD15EU",52.239887642912,-3.3784153119324
"LD15EW",52.230543614874,-3.3808350403732
"LD15EX",52.231237886593,-3.3814423675967
"LD15EY",52.238815725122,-3.3770345681925
"LD15HA",52.238540870031,-3.3736133198518
"LD15HB",52.229372676117,-3.3810037205182
"LD15HE",52.238349950553,-3.377649966481
"LD15HF",52.24173935943,-3.3761583102031
"LD15HG",52.237805565377,-3.3772962333046
"LD15HH",52.238540870031,-3.3736133198518
"LD15HP",52.236017311007,-3.3771969328611
"LD15HR",52.236713546688,-3.3768669735504
"LD15HS",52.241046085982,-3.3754630635044
"LD15HT",52.240392806231,-3.3721032188192
"LD15HU",52.238086900065,-3.3755326801389
"LD15HW",52.236442279211,-3.3777666464751
"LD15HY",52.242456231179,-3.3740564949042
"LD15LA",52.242428704892,-3.3748759455641
"LD15LB",52.243763478269,-3.3745363409855
"LD15LD",52.23954207148,-3.3725749847918
"LD15LE",52.241339918829,-3.3640907572717
"LD15LF",52.241154413965,-3.3676884270863
"LD15LG",52.237411589563,-3.3717476285334
"LD15LH",52.243803421783,-3.3757387677235
"LD15LJ",52.240659860892,-3.3669115435604
"LD15LL",52.237004640685,-3.378120931139
"LD15LN",52.236940367463,-3.3797739868722
"LD15LP",52.236155421487,-3.3784607789932
"LD15LQ",52.235139361268,-3.3799964024083
"LD15LR",52.235795357492,-3.3784935608039
"LD15LS",52.235613529895,-3.3786636788336
"LD15LT",52.235145351533,-3.3794839837497
"LD15LU",52.235165972182,-3.3784887054959
"LD15LW",52.236586977157,-3.3792357591693
"LD15LY",52.235325687395,-3.3771315856272
"LD15NA",52.233771586353,-3.3777718155257
"LD15NB",52.232260127972,-3.3809175992884
"LD15ND",52.22789983519,-3.383915993046
"LD15NE",52.233525983663,-3.3780131803186
"LD15NF",52.234336190819,-3.3794735406305
"LD15NG",52.233962859192,-3.3798720381216
"LD15NH",52.233561018942,-3.3804014524813
"LD15NL",52.227416191811,-3.3822169730954
"LD15NN",52.235416463919,-3.3816746340101
"LD15NP",52.241049490214,-3.3619872208943
"LD15NQ",52.231701883785,-3.380211972812
"LD15NR",52.235662160105,-3.3791192121524
"LD15NS",52.232350787518,-3.3800856523584
"LD15NT",52.230644639634,-3.3760348259057
"LD15NU",52.235195098792,-3.3713570785904
"LD15NW",52.228690636645,-3.381656165445
"LD15NX",52.23274149223,-3.3789701021115
"LD15NY",52.229786852873,-3.3553601810093
"LD15PA",52.21470155982,-3.3369387823761
"LD15PB",52.217879612866,-3.3741762130925
"LD15PD",52.245235602441,-3.3498247947151
"LD15PE",52.247845474404,-3.3660483035492
"LD15PF",52.244720552188,-3.3703323636261
"LD15PG",52.210351241063,-3.3912309887547
"LD15PH",52.225332826148,-3.3858129236797
"LD15PJ",52.209826959596,-3.3914634470459
"LD15PL",52.222561110764,-3.3875275558879
"LD15PN",52.221682660418,-3.3880565465292
"LD15PP",52.221232151726,-3.393474412654
"LD15PR",52.219264815149,-3.3872052002143
"LD15PS",52.220201367266,-3.3870879767638
"LD15PT",52.217432905086,-3.3885242791493
"LD15PU",52.210426292592,-3.3932533399814
"LD15PW",52.221382276065,-3.3891306374697
"LD15PY",52.211525145829,-3.3915750657845
"LD15RA",52.21690373553,-3.387644023453
"LD15RB",52.21596945794,-3.3883322409593
"LD15RD",52.214102441872,-3.3895768882156
"LD15RE",52.212641243697,-3.38383693051
"LD15RF",52.201886929475,-3.3845857842219
"LD15RG",52.201399424872,-3.3984736522084
"LD15RH",52.204307464681,-3.3612585662538
"LD15RJ",52.214761255106,-3.3909003343631
"LD15RL",52.200044661207,-3.3313622444562
"LD15RN",52.204777950615,-3.3680054269256
"LD15RP",52.207433821375,-3.2935718149983
"LD15RR",52.20204069896,-3.2693702043657
"LD15RS",52.186196214617,-3.324233511419
"LD15RT",52.18071117996,-3.3072924226603
"LD15RU",52.185720117262,-3.3369470462151
"LD15RW",52.198909742351,-3.3082215034388
"LD15RY",52.182042528094,-3.2966528305357
"LD15SA",52.195548012954,-3.2901392060678
"LD15SB",52.170663974066,-3.2920662225545
"LD15SD",52.168842837194,-3.272651404179
"LD15SE",52.168863853652,-3.236004566195
"LD15SF",52.161656692763,-3.2802689102776
"LD15SH",52.239378133668,-3.3634447096166
"LD15SJ",52.214958813639,-3.3901599061838
"LD15SL",52.259947723588,-3.363020473148
"LD15SN",52.27193227941,-3.3372237026451
"LD15SP",52.237639248515,-3.2975403502374
"LD15SQ",52.272739672444,-3.3286290027633
"LD15SR",52.239861259279,-3.3120913261057
"LD15SS",52.258183040683,-3.3412353857302
"LD15ST",52.269755879051,-3.3412182462439
"LD15SU",52.269697684761,-3.3264713857996
"LD15SW",52.255954267295,-3.3082730238528
"LD15SY",52.268005421492,-3.3089062596054
"LD15TA",52.270678904617,-3.2939611392504
"LD15TB",52.280895022722,-3.2698192106451
"LD15TD",52.285867620912,-3.2478798295901
"LD15TE",52.293443955435,-3.256715715639
"LD15TF",52.294802003913,-3.2524572147804
"LD15TG",52.293892999766,-3.2626677681681
"LD15TH",52.289355241018,-3.2420244484618
"LD15TL",52.29584115288,-3.2340371284601
"LD15TN",52.304033940618,-3.2034174096022
"LD15TP",52.210754542385,-3.3921072213619
"LD15TS",52.231897836954,-3.3796029706692
"LD15TT",52.261244384522,-3.3321394655011
"LD15TU",52.272292727662,-3.3098827193157
"LD15TW",52.297431754657,-3.2367065905111
"LD15TY",52.265937374886,-3.2991285037216
"LD15UA",52.267572364055,-3.295995860327
"LD15UB",52.264372931147,-3.2925611433966
"LD15UD",52.258097836997,-3.2700764202182
"LD15UE",52.250033872786,-3.2807314747653
"LD15UF",52.256677594325,-3.2591195341669
"LD15UG",52.237403422803,-3.2493906608363
"LD15UH",52.267406756004,-3.2555688985545
"LD15UL",52.240545532963,-3.378289222738
"LD15UN",52.31182287574,-3.2311366127619
"LD15UP",52.341433295975,-3.1996173550281
"LD15UR",52.328466161534,-3.188156493293
"LD15US",52.266456462443,-3.2944390901389
"LD15UT",52.343458160109,-3.1958990557408
"LD15UW",52.331183370976,-3.2162629409254
"LD15WA",52.239055036536,-3.3711538337412
"LD15WF",52.241286612988,-3.3771989486924
"LD15WJ",52.241286612988,-3.3771989486924
"LD15WP",52.241286612988,-3.3771989486924
"LD15WY",52.241286612988,-3.3771989486924
"LD15YA",52.245361945669,-3.3747175866314
"LD15YB",52.245233593629,-3.3741569512349
"LD15YD",52.244909871305,-3.3733851984032
"LD15YE",52.245725845956,-3.3728097745878
"LD15YF",52.246536709658,-3.3726736597471
"LD15YG",52.241156598229,-3.3783228052091
"LD15ZG",52.237411589563,-3.3717476285334
"LD16AA",52.239474165671,-3.3814784255394
"LD16AB",52.239826531696,-3.3805665835432
"LD16AE",52.237711206683,-3.3838257348059
"LD16AF",52.23965202639,-3.3831830395348
"LD16AG",52.240405066146,-3.3803062354064
"LD16AH",52.241443903102,-3.3814370663326
"LD16AJ",52.240280959132,-3.3839935635443
"LD16AL",52.240747920428,-3.3809760205824
"LD16AN",52.241854814975,-3.3816695492171
"LD16AP",52.241645641211,-3.3834061620878
"LD16AQ",52.242202290751,-3.3819440100957
"LD16AR",52.240155862246,-3.3846927512792
"LD16AS",52.240267379151,-3.3828506333434
"LD16AT",52.239156718742,-3.3824792213883
"LD16AU",52.238262829489,-3.3804887607241
"LD16AW",52.243381155787,-3.3834015486782
"LD16AX",52.239445692251,-3.383908986848
"LD16AY",52.238693433861,-3.3805753587454
"LD16AZ",52.241270467288,-3.3793516837399
"LD16BA",52.240377230811,-3.3819166040147
"LD16BB",52.248125719359,-3.3790662069823
"LD16BD",52.246788281964,-3.3804018019981
"LD16BE",52.24685026166,-3.3797151900716
"LD16BG",52.240371850586,-3.3800708436769
"LD16BH",52.24516678428,-3.3783445402185
"LD16BJ",52.244850390529,-3.3807957729841
"LD16BL",52.247063955732,-3.3760447289678
"LD16BN",52.247327093227,-3.3804624766729
"LD16BP",52.248563411427,-3.3777759076187
"LD16BS",52.246281871254,-3.3767969535869
"LD16BT",52.246648531586,-3.3769694508927
"LD16BU",52.246967237855,-3.3766277255022
"LD16BW",52.248239409435,-3.3801098937105
"LD16BX",52.247631552455,-3.3767215398878
"LD16BY",52.249651670429,-3.3800658217812
"LD16BZ",52.242625461037,-3.3803604925498
"LD16DA",52.248520248498,-3.3830047090412
"LD16DB",52.248590338611,-3.3762384639282
"LD16DD",52.248312028394,-3.3762005503324
"LD16DE",52.248458689493,-3.3767324971427
"LD16DF",52.253116523249,-3.375191769463
"LD16DG",52.248443582072,-3.380335983659
"LD16DH",52.24867566313,-3.3797132247855
"LD16DJ",52.248299831248,-3.3780167940547
"LD16DL",52.248388188425,-3.3812279267533
"LD16DN",52.247559311226,-3.3829015743198
"LD16DP",52.24589719668,-3.3804766888886
"LD16DQ",52.247493578112,-3.3777574117231
"LD16DR",52.247029173972,-3.3813322141559
"LD16DS",52.247921801762,-3.3811255403653
"LD16DT",52.254491946174,-3.3997035335539
"LD16DU",52.246351218946,-3.3854716252293
"LD16DW",52.247249508511,-3.3824817450246
"LD16DX",52.253072459003,-3.4018712642216
"LD16DY",52.251942091749,-3.4024070294709
"LD16DZ",52.251942091749,-3.4024070294709
"LD16EA",52.256988663772,-3.4007199405802
"LD16EB",52.261862412305,-3.3976788098069
"LD16ED",52.269233860028,-3.3856426734
"LD16EE",52.265300091893,-3.416311881611
"LD16EF",52.2739414301,-3.40804133431
"LD16EG",52.281065334464,-3.385044122469
"LD16EH",52.293703489294,-3.4029485924369
"LD16EL",52.282014763982,-3.4081653121748
"LD16EN",52.285888304613,-3.4233319974898
"LD16EP",52.250840230199,-3.3814652553927
"LD16ER",52.247915093022,-3.3770819189807
"LD16ES",52.247082587221,-3.3783013700402
"LD16ET",52.243110529867,-3.3941744118669
"LD16EU",52.243001579696,-3.40940539873
"LD16EW",52.280036535071,-3.4409572539796
"LD16EY",52.23601118343,-3.4254265494763
"LD16HA",52.219423510217,-3.4385405060087
"LD16HB",52.230305790831,-3.4413378968299
"LD16HD",52.254919966504,-3.449183602538
"LD16HE",52.242489681189,-3.4596623033523
"LD16HF",52.253881230062,-3.4663073972115
"LD16HG",52.251491488134,-3.4690269970181
"LD16HH",52.254152281898,-3.4727047163803
"LD16HL",52.243611029091,-3.4379017817528
"LD16HN",52.273735149367,-3.3328510998204
"LD16HP",52.234506952685,-3.4174257418786
"LD16HR",52.218534580571,-3.4273264700794
"LD16HS",52.216845061233,-3.4302149205736
"LD16HT",52.214131485989,-3.4374472566357
"LD16HU",52.213007808723,-3.4381575505134
"LD16HW",52.213254169654,-3.4371261583013
"LD16HY",52.213503141772,-3.4388322965597
"LD16LA",52.21281811131,-3.4397031135711
"LD16LB",52.212612088218,-3.4396378978656
"LD16LD",52.212143546962,-3.4389786606969
"LD16LE",52.214588193299,-3.4383403518771
"LD16LF",52.211211875675,-3.437953164283
"LD16LG",52.209967418501,-3.4389815264483
"LD16LH",52.213819173681,-3.4409358747576
"LD16LL",52.214385147507,-3.4417154254463
"LD16LN",52.215089294625,-3.4414893585663
"LD16LP",52.215899048562,-3.4399784184952
"LD16LQ",52.214951795016,-3.4394939630623
"LD16LR",52.216303591522,-3.4407234901204
"LD16LS",52.215903333846,-3.4396272066178
"LD16LT",52.215194475762,-3.4417123546591
"LD16LU",52.20802142341,-3.4392845704638
"LD16LW",52.215763973135,-3.441467284611
"LD16LX",52.209743542895,-3.440379499398
"LD16LY",52.214611740403,-3.4430402893795
"LD16LZ",52.210680140799,-3.4402634166963
"LD16NA",52.212482093984,-3.4296209813251
"LD16NB",52.215719619126,-3.453148213435
"LD16ND",52.225130047882,-3.4723591503063
"LD16NE",52.21250055421,-3.4369847264391
"LD16NF",52.256200566386,-3.4012079574523
"LD16NG",52.253203266839,-3.399941347915
"LD16NL",52.215660926189,-3.4060363624013
"LD16NN",52.260596313446,-3.4958523481651
"LD16NP",52.268656096325,-3.5069405857726
"LD16NR",52.262771449746,-3.5023005403732
"LD16NS",52.262254187862,-3.5012572081059
"LD16NT",52.258473690964,-3.4987263144594
"LD16NU",52.264404239489,-3.5229469919261
"LD16NW",52.275184704526,-3.5062091867155
"LD16NY",52.277444641067,-3.5422028698993
"LD16PA",52.271048658907,-3.4762842080218
"LD16PB",52.268923716085,-3.4437920971445
"LD16PD",52.266455151638,-3.4675136941102
"LD16PE",52.249029015987,-3.3771750164327
"LD16PF",52.249031641774,-3.3761788697783
"LD16PG",52.309051327312,-3.3521907155646
"LD16PH",52.329788281761,-3.3869472465894
"LD16PL",52.328150346591,-3.3947039459184
"LD16PN",52.32397638388,-3.4099963109657
"LD16PP",52.358904036474,-3.4104911194983
"LD16PR",52.364026007846,-3.4017089734852
"LD16PS",52.370170280028,-3.3938677893714
"LD16PT",52.356035846541,-3.3784728300996
"LD16PU",52.337618877601,-3.3513738615111
"LD16PW",52.338402709857,-3.4059484288491
"LD16RA",52.272342779995,-3.3374999020626
"LD16RB",52.273438897093,-3.3367853211295
"LD16RD",52.273569883608,-3.3363348505581
"LD16RE",52.273385800237,-3.3295424853686
"LD16RF",52.275963766131,-3.3456568391847
"LD16RG",52.27624535211,-3.3564106703677
"LD16RH",52.273209431797,-3.3647025644133
"LD16RJ",52.273888887846,-3.3383380083772
"LD16RL",52.27863161323,-3.3545483966926
"LD16RN",52.280509494187,-3.3648242190396
"LD16RP",52.277750583786,-3.3339977637152
"LD16RQ",52.28033226654,-3.3677069351258
"LD16RR",52.281841133839,-3.3332702700386
"LD16RS",52.283057978756,-3.3369868534261
"LD16RT",52.292347927165,-3.3249042990533
"LD16RU",52.28208179358,-3.3326617218615
"LD16RW",52.282592280664,-3.3565311906345
"LD16RX",52.274133451552,-3.3405588291458
"LD16RY",52.275504869832,-3.3377710083149
"LD16SA",52.274872534336,-3.3404052240512
"LD16SB",52.282298559685,-3.3309821744528
"LD16SD",52.299700793513,-3.3275291607924
"LD16SE",52.307971426101,-3.3148378302689
"LD16SF",52.309003111585,-3.3085749233735
"LD16SG",52.311532840688,-3.3074905283626
"LD16SH",52.324158433947,-3.3138795320789
"LD16SJ",52.30944881995,-3.3089254837121
"LD16SL",52.302252642608,-3.2920212192332
"LD16SN",52.316085973598,-3.2684346915624
"LD16SP",52.324519638391,-3.2448287542763
"LD16SR",52.332598174877,-3.2436024644554
"LD16SS",52.344421856205,-3.2656632294622
"LD16ST",52.337861215636,-3.2753846246975
"LD16SW",52.311210741911,-3.2677524939701
"LD16SY",52.330294411086,-3.2582149163308
"LD16TA",52.275261208549,-3.3394347975503
"LD16TB",52.274822250426,-3.339289633498
"LD16TD",52.351315754082,-3.3096481023821
"LD16TE",52.308662994834,-3.3084328631938
"LD16TF",52.312843761698,-3.3076612039023
"LD16TG",52.369589836995,-3.315873681031
"LD16TH",52.338693527573,-3.3199474420127
"LD16TJ",52.275678197973,-3.3399311215594
"LD16TL",52.35587010324,-3.2854927494782
"LD16TN",52.349753389082,-3.3078252051425
"LD16TP",52.352863501247,-3.3103546647275
"LD16TR",52.357275115814,-3.3187387566769
"LD16TS",52.356505113613,-3.3288784473664
"LD16TT",52.363081464905,-3.3436903961775
"LD16TU",52.377271702022,-3.3372449151368
"LD16TW",52.33369841629,-3.295183242459
"LD16TY",52.388037774777,-3.30398918647
"LD16UA",52.383065208729,-3.3234159433744
"LD16UB",52.370882743111,-3.3240947855995
"LD16UD",52.344605651291,-3.2225920802561
"LD16UE",52.353712074215,-3.241772083781
"LD16UF",52.356298010782,-3.2523448340009
"LD16UG",52.367685719925,-3.2527990953284
"LD16UH",52.361015245073,-3.2661667430762
"LD16UL",52.359057193953,-3.2974667526834
"LD16UN",52.370604524828,-3.2923696459474
"LD16UP",52.294934520575,-3.2611281937185
"LD16UR",52.289964029137,-3.2950069644119
"LD16UT",52.282274766573,-3.3016588893173
"LD16YA",52.393449547702,-3.3251229091038
"LD16YB",52.403498616839,-3.3310546851375
"LD16YD",52.405538620835,-3.3199277610776
"LD16YE",52.427027858637,-3.3159803438289
"LD16YF",52.407867394195,-3.3045445338536
"LD16YG",52.39716308662,-3.2893530885862
"LD16YH",52.389828585344,-3.3264841457734
"LD16YL",52.396463331609,-3.3433078392612
"LD16YN",52.400754360401,-3.3565217008047
"LD16YP",52.392217884246,-3.3747056347045
"LD16YR",52.391330105038,-3.3883467304403
"LD16YS",52.419801545289,-3.3641067786075
"LD16YT",52.416471510306,-3.3494893476442
"LD16YW",52.38380659154,-3.3727250016953
"LD19AD",52.241286612988,-3.3771989486924
"LD19AF",52.241286612988,-3.3771989486924
"LD19AH",52.241286612988,-3.3771989486924
"LD19AQ",52.241286612988,-3.3771989486924
"LD19AY",52.241286612988,-3.3771989486924
"LD19BA",52.241286612988,-3.3771989486924
"LD19SA",52.237411589563,-3.3717476285334
"LD19SB",52.237411589563,-3.3717476285334
"LD19XF",52.237411589563,-3.3717476285334
"LD19ZX",52.237411589563,-3.3717476285334
"LD19ZY",52.237411589563,-3.3717476285334
"LD23AA",52.148564654257,-3.4020066469845
"LD23AB",52.148205448899,-3.4019661281947
"LD23AD",52.147972086985,-3.4019295631084
"LD23AE",52.149226815761,-3.4000102125278
"LD23AF",52.148076430519,-3.4029852849325
"LD23AG",52.147754618222,-3.4020689037351
"LD23AH",52.147952672924,-3.4028059876326
"LD23AJ",52.05751008172,-3.3369375452027
"LD23AL",52.148178502907,-3.4042309654755
"LD23AN",52.147562971752,-3.4038169367024
"LD23AP",52.148798843834,-3.4049959777244
"LD23AQ",52.064566885906,-3.3243821407414
"LD23AR",52.14889374959,-3.4068407772303
"LD23AS",52.149427415619,-3.4095911161812
"LD23AT",52.147986127529,-3.4060374521869
"LD23AU",52.149815680345,-3.4079515617309
"LD23AW",52.146402718966,-3.4038389103271
"LD23AX",52.042465132748,-3.3441298689321
"LD23AY",52.149536137365,-3.4065102014136
"LD23AZ",52.045799356878,-3.3403506253963
"LD23BA",52.149517359689,-3.4058225749884
"LD23BB",52.148047163305,-3.400908712601
"LD23BD",52.14882085709,-3.4016346399386
"LD23BE",52.146835627675,-3.40524113013
"LD23BF",52.149093984815,-3.3952845588287
"LD23BG",52.149007145199,-3.4026052511957
"LD23BH",52.149039845602,-3.4021238982676
"LD23BJ",52.038207319385,-3.3702777066662
"LD23BL",52.149440083677,-3.4009816726646
"LD23BN",52.149805272599,-3.3982449826865
"LD23BP",52.150105225958,-3.3941759768899
"LD23BQ",52.04216814387,-3.3621596572557
"LD23BS",52.149257738136,-3.4034609517399
"LD23BT",52.149512500242,-3.403965967119
"LD23BU",52.151171750183,-3.4065909894075
"LD23BW",52.150986470744,-3.4062927845923
"LD23BX",52.064072458896,-3.3457998235346
"LD23BY",52.150371525498,-3.4126030184531
"LD23BZ",52.089719919329,-3.3542938387287
"LD23DA",52.150715024168,-3.4124530919492
"LD23DB",52.150175755395,-3.4094247196777
"LD23DD",52.152072305086,-3.4087390724846
"LD23DE",52.149795934475,-3.4111083952894
"LD23DF",52.149311841902,-3.4139873931878
"LD23DG",52.151377568093,-3.4126933382916
"LD23DH",52.146728442003,-3.3998879924649
"LD23DJ",52.150001659253,-3.3976079480634
"LD23DL",52.148599956751,-3.4013061183819
"LD23DN",52.148863446106,-3.4003203993082
"LD23DP",52.148815411185,-3.399821896488
"LD23DQ",52.145130421753,-3.3951168057097
"LD23DR",52.148810237613,-3.3995001488597
"LD23DS",52.148484558872,-3.3996653450337
"LD23DT",52.149115337548,-3.3995535693049
"LD23DU",52.148984146287,-3.3992424861149
"LD23DW",52.148837311844,-3.4010066030399
"LD23DX",52.147278890653,-3.3982096839685
"LD23DY",52.143629028957,-3.3996446301546
"LD23DZ",52.149427415619,-3.4095911161812
"LD23EA",52.147779022139,-3.4015288346661
"LD23EB",52.146522149616,-3.4013578157251
"LD23ED",52.147540838181,-3.4011413103723
"LD23EE",52.14620636315,-3.4006901509255
"LD23EF",52.147775104176,-3.4003447201336
"LD23EG",52.148014242606,-3.3983788940713
"LD23EH",52.147531472654,-3.3966243336842
"LD23EJ",52.077844365839,-3.318324466863
"LD23EL",52.148490172307,-3.39615734302
"LD23EN",52.149203922701,-3.394352467174
"LD23EP",52.147909877315,-3.3950428986529
"LD23EQ",52.078224707705,-3.3196929449087
"LD23ER",52.150100010805,-3.3923339549249
"LD23ES",52.149391824644,-3.3944314264459
"LD23ET",52.149627780585,-3.3942487680087
"LD23EU",52.149491738573,-3.3943468419431
"LD23EW",52.149686031914,-3.3938851430273
"LD23EX",52.077628607473,-3.3175154331126
"LD23EY",52.149737201451,-3.3941206262243
"LD23EZ",52.078313601254,-3.3181777545069
"LD23FA",52.152347027328,-3.4593577836768
"LD23FB",52.148076430519,-3.4029852849325
"LD23FD",52.145465561847,-3.4047595023955
"LD23FE",52.146653136439,-3.3978977445868
"LD23FL",52.152204053872,-3.4505380228277
"LD23GA",52.146826596897,-3.4075064616721
"LD23GE",52.151925784006,-3.4570635011694
"LD23GF",52.147477662973,-3.3988882967175
"LD23HA",52.14816714873,-3.4074464175185
"LD23HB",52.149701409694,-3.3933447647759
"LD23HD",52.13099917353,-3.4188576542215
"LD23HE",52.147546313368,-3.409736343502
"LD23HF",52.146620519359,-3.4142090814479
"LD23HG",52.144975624156,-3.4149023945222
"LD23HH",52.139928594794,-3.4292693837351
"LD23HJ",52.070373008858,-3.3787333184523
"LD23HL",52.132100147471,-3.4561534985278
"LD23HN",52.139303740531,-3.4604512787165
"LD23HP",52.136831705222,-3.4213811775206
"LD23HQ",52.079049417785,-3.3633697828596
"LD23HR",52.133937078621,-3.4108263616506
"LD23HS",52.115471871983,-3.4364913929957
"LD23HT",52.11538379593,-3.459041229807
"LD23HU",52.105458326626,-3.4420693315369
"LD23HW",52.133487061742,-3.4855408472266
"LD23HX",52.081054843612,-3.3880094247924
"LD23HY",52.087523618261,-3.4298567895313
"LD23HZ",52.090702965838,-3.3703819078843
"LD23JB",52.121349477612,-3.18525524102
"LD23JD",52.124670499516,-3.1858546828197
"LD23JE",52.090473335113,-3.3155580592491
"LD23JF",52.095112378171,-3.2961599846493
"LD23JG",52.096554927707,-3.283484971969
"LD23JH",52.10933146232,-3.2535184928026
"LD23JJ",52.10961088888,-3.2295458049859
"LD23JL",52.108238860925,-3.2170508599886
"LD23JN",52.096643700194,-3.2235535314587
"LD23JP",52.107568823794,-3.1946450732236
"LD23JQ",52.101645962497,-3.2708982631935
"LD23JR",52.111489862055,-3.1910402106592
"LD23JS",52.116650353687,-3.1982327957143
"LD23JT",52.127576727462,-3.2139543580482
"LD23JU",52.124184913012,-3.1858564013867
"LD23JW",52.099611297439,-3.1963743915433
"LD23JY",52.120716436246,-3.1874004333616
"LD23JZ",52.107486726478,-3.2141242377588
"LD23LA",52.112930992442,-3.4280259691166
"LD23LB",52.137675615627,-3.403476802398
"LD23LD",52.145601054456,-3.4137382852167
"LD23LE",52.146800355238,-3.4127092411909
"LD23LF",52.145134745055,-3.4015773499014
"LD23LG",52.14985735444,-3.4650650769661
"LD23LH",52.143621601605,-3.4783655161245
"LD23LJ",52.111673478449,-3.3680015699081
"LD23LN",52.151307177005,-3.5362755110014
"LD23LP",52.169517841483,-3.5587957432265
"LD23LQ",52.104291477987,-3.363292555046
"LD23LR",52.15278027375,-3.5467203704301
"LD23LS",52.172259368276,-3.577816953537
"LD23LT",52.169325924015,-3.5419270021248
"LD23LU",52.179337598043,-3.5567401425985
"LD23LW",52.166027633211,-3.5438456192878
"LD23LX",52.124813652731,-3.3724216087649
"LD23LY",52.177139894763,-3.5460734137105
"LD23LZ",52.139457230788,-3.393521911627
"LD23NA",52.168064407578,-3.5303888823402
"LD23NB",52.178757856661,-3.5198291893135
"LD23ND",52.181308136401,-3.4997290194784
"LD23NE",52.17235599357,-3.4916033214819
"LD23NF",52.153024728957,-3.4140611881049
"LD23NG",52.154398351102,-3.4157420892551
"LD23NH",52.149408261927,-3.4119439656003
"LD23NJ",52.158582487907,-3.4049824166861
"LD23NL",52.148209376005,-3.4136893517127
"LD23NN",52.150376296977,-3.4152051826054
"LD23NP",52.146694182659,-3.4170617008134
"LD23NQ",52.132694606657,-3.3912797648191
"LD23NR",52.151252832714,-3.423068414184
"LD23NS",52.149377473524,-3.4323932053327
"LD23NT",52.154513191235,-3.447762295172
"LD23NU",52.151177924881,-3.4571852659317
"LD23NW",52.157420783132,-3.4178994681893
"LD23NY",52.152850165112,-3.4572106369307
"LD23NZ",52.14882085709,-3.4016346399386
"LD23PA",52.153041729323,-3.4584448883712
"LD23PB",52.156504075688,-3.4663944593985
"LD23PD",52.168817266444,-3.4898470446251
"LD23PE",52.168956910949,-3.5148884849142
"LD23PF",52.184679766119,-3.5208357406828
"LD23PG",52.190756118659,-3.5293684308779
"LD23PH",52.194934365059,-3.5632260242906
"LD23PJ",52.070775216414,-3.3272507550269
"LD23PL",52.205312733604,-3.5433189965267
"LD23PN",52.189705429661,-3.5111166202992
"LD23PP",52.182361635813,-3.4789625082891
"LD23PQ",52.076311698196,-3.3154627285576
"LD23PR",52.18316003692,-3.4748051335234
"LD23PS",52.174371992229,-3.4706970424842
"LD23PT",52.160952230732,-3.4462459179393
"LD23PU",52.161390795516,-3.4301908890429
"LD23PW",52.194817792797,-3.5051149759327
"LD23PX",52.071653224906,-3.3402492570271
"LD23PY",52.168637672223,-3.4258020786848
"LD23PZ",52.079461595772,-3.3502178528377
"LD23RA",52.179161947235,-3.4410587273058
"LD23RB",52.17969191854,-3.4411051146528
"LD23RD",52.160821447883,-3.4162675992167
"LD23RE",52.145605197362,-3.4126421799097
"LD23RF",52.168425687421,-3.4202674359596
"LD23RG",52.167942737324,-3.4252680273196
"LD23RH",52.169354117003,-3.4260443490717
"LD23RJ",52.120618842383,-3.4123924585779
"LD23RL",52.168803055804,-3.4284835788328
"LD23RN",52.171411358367,-3.4209914012649
"LD23RP",52.180058290423,-3.4493670571931
"LD23RQ",52.107728632937,-3.4194915895243
"LD23RR",52.180046761289,-3.4407655181129
"LD23RS",52.182592469229,-3.4303444304284
"LD23RT",52.18716148603,-3.431003121097
"LD23RU",52.193206541676,-3.4382060504353
"LD23RW",52.176547784551,-3.4208333190639
"LD23RX",52.127194605865,-3.4091815471791
"LD23RY",52.200318121103,-3.4323916087731
"LD23RZ",52.127898770606,-3.3960979901947
"LD23SA",52.207154508838,-3.4314551814371
"LD23SB",52.206973506433,-3.4389433333317
"LD23SD",52.207144216386,-3.4470429598215
"LD23SE",52.192513129715,-3.4580684598187
"LD23SF",52.182064576179,-3.4696342721003
"LD23SG",52.209489116859,-3.4990678149358
"LD23SH",52.200313758663,-3.4779486756504
"LD23SJ",52.085973874812,-3.3270886097193
"LD23SL",52.205287560818,-3.4612528675158
"LD23SN",52.180653998628,-3.4403755598047
"LD23SP",52.179198448175,-3.4373298838717
"LD23SQ",52.101462209039,-3.3481516550357
"LD23SR",52.151673129727,-3.4007301722057
"LD23SS",52.15228714618,-3.4005155476733
"LD23ST",52.153255438503,-3.4045369194431
"LD23SU",52.1529849632,-3.403841317998
"LD23SW",52.180382018851,-3.4405569347774
"LD23SX",52.085341341676,-3.308867833108
"LD23SY",52.157756600557,-3.406374592295
"LD23SZ",52.07245611353,-3.3055724701391
"LD23TA",52.157702600118,-3.4086390586004
"LD23TB",52.156777166442,-3.3727320824784
"LD23TD",52.16215327741,-3.3666393686115
"LD23TE",52.171705567651,-3.3452871670832
"LD23TF",52.170918828591,-3.3974883115876
"LD23TG",52.179080009837,-3.3856033657857
"LD23TH",52.179300703134,-3.404201786558
"LD23TJ",52.059245923978,-3.286003893262
"LD23TL",52.193470337782,-3.3784421087321
"LD23TN",52.184604474539,-3.4073532444467
"LD23TP",52.157597358109,-3.3909889178463
"LD23TQ",52.062472626925,-3.294354032557
"LD23TR",52.156690763325,-3.3946595352995
"LD23TS",52.180128668318,-3.4399490057785
"LD23TT",52.178898717763,-3.4405236302265
"LD23TU",52.15700335468,-3.4054443952641
"LD23TW",52.196507738368,-3.408299920668
"LD23TX",52.058654038223,-3.312770298054
"LD23TY",52.155885907964,-3.3935232701213
"LD23TZ",52.07718584574,-3.3015220017727
"LD23UA",52.155967694218,-3.3888767126816
"LD23UB",52.157597358109,-3.3909889178463
"LD23UD",52.156201388567,-3.3758430260467
"LD23UE",52.157660854771,-3.3702007066353
"LD23UF",52.151790406541,-3.3677545872397
"LD23UG",52.139567256928,-3.3594444401824
"LD23UH",52.11777221143,-3.3490965597016
"LD23UJ",52.087966768093,-3.2868440905071
"LD23UL",52.117077810957,-3.346124968331
"LD23UN",52.11658426074,-3.344459520834
"LD23UP",52.126123544289,-3.3334969377266
"LD23UQ",52.08794482822,-3.2689616026448
"LD23UR",52.118873884924,-3.3256991966793
"LD23US",52.145845137045,-3.4113781328906
"LD23UT",52.129010882805,-3.2979617498197
"LD23UU",52.142704914188,-3.277459930028
"LD23UW",52.116227851149,-3.34259373715
"LD23UX",52.094222258277,-3.2621757816198
"LD23UY",52.140429828919,-3.2599157912543
"LD23UZ",52.101967608817,-3.2868382048312
"LD23WY",52.159434210784,-3.4021727655957
"LD23XA",52.14882085709,-3.4016346399386
"LD23YA",52.14896622964,-3.2763674289615
"LD23YB",52.150609214246,-3.2881818545554
"LD23YD",52.136563093881,-3.292335938969
"LD23YE",52.179970552359,-3.4389053248204
"LD23YF",52.17844551713,-3.4386074375158
"LD23YG",52.203234699486,-3.5219229344696
"LD23YJ",52.10002460801,-3.3121887309193
"LD23YL",52.152631439862,-3.394985841523
"LD23YN",52.146537807726,-3.3701807784804
"LD23YP",52.130732784576,-3.3652538957108
"LD23YQ",52.111620804761,-3.2806314480785
"LD23YR",52.105501954019,-3.3542316273258
"LD23YS",52.085917378209,-3.3376550525407
"LD23YT",52.083224663627,-3.3292694269761
"LD23YU",52.076402344661,-3.3266295955107
"LD23YW",52.137661413771,-3.3764553473069
"LD23YX",52.097217538005,-3.3275829030558
"LD23YY",52.07158112665,-3.3171331057912
"LD29AG",52.14882085709,-3.4016346399386
"LD30AA",51.997095165509,-3.2326810796869
"LD30AB",51.995997817247,-3.2318497289078
"LD30AD",51.995750068782,-3.2323236513621
"LD30AE",51.996498035807,-3.2313098907435
"LD30AF",51.995337302802,-3.2313800148869
"LD30AG",51.996433576699,-3.2305943107771
"LD30AH",51.996800639034,-3.2316095474445
"LD30AJ",52.062098524806,-3.2658800650005
"LD30AL",51.997539001658,-3.2306537599207
"LD30AN",51.99840337927,-3.2305463510817
"LD30AP",52.000774045377,-3.2256870477356
"LD30AQ",52.063861463827,-3.2700149924674
"LD30AR",51.999669974575,-3.2289493988966
"LD30AS",51.99869465846,-3.2284856384615
"LD30AT",51.999282144728,-3.2273362421186
"LD30AU",51.997965553588,-3.2276935705987
"LD30AW",51.999152879852,-3.2311059376327
"LD30AX",52.074089123034,-3.260469616523
"LD30AY",51.99779341226,-3.2286794862966
"LD30AZ",52.059031037779,-3.2634738503049
"LD30BA",51.997468286255,-3.2296757703954
"LD30BB",51.995912746815,-3.2288028052882
"LD30BD",51.996519543977,-3.2266634150391
"LD30BE",51.995366437423,-3.2268649728854
"LD30BG",51.995602057959,-3.2284155484523
"LD30BH",51.995594017171,-3.2257349448851
"LD30BJ",52.045252703291,-3.2476558831956
"LD30BL",51.995131830992,-3.2278054243093
"LD30BN",51.995218282955,-3.2298617620998
"LD30BP",51.994970248845,-3.2312242727894
"LD30BQ",52.038841202305,-3.2434091454723
"LD30BR",52.007960661551,-3.2435292787426
"LD30BS",51.994044453903,-3.2303248670349
"LD30BT",51.993203814507,-3.2290199685871
"LD30BU",51.992947087724,-3.2294936313501
"LD30BW",51.995627103685,-3.2311840240095
"LD30BX",52.046254494299,-3.2591466580067
"LD30BY",51.991854450532,-3.2290704168042
"LD30BZ",52.052779179738,-3.2501992955409
"LD30DA",51.990532332474,-3.228233103451
"LD30DB",51.994201855592,-3.2307516206792
"LD30DD",51.993606254299,-3.2309537878913
"LD30DE",51.995762698514,-3.23025543279
"LD30DF",51.997808444586,-3.2272376637413
"LD30DH",51.999991570257,-3.227428490079
"LD30DJ",52.04344176915,-3.2715359904373
"LD30DL",52.01295066758,-3.220380060569
"LD30DN",52.008698097689,-3.2089714183975
"LD30DP",52.003501218079,-3.2018815626073
"LD30DR",51.99359456464,-3.224311073458
"LD30DT",51.989682773076,-3.2234615433619
"LD30DU",51.989292821718,-3.2229120007729
"LD30DW",51.994679316886,-3.2228985318557
"LD30DY",51.990861732185,-3.2181626107752
"LD30EA",51.995921405464,-3.2044609267301
"LD30EB",51.999861331059,-3.1883954815268
"LD30ED",51.990708320431,-3.1971692876503
"LD30EE",51.981510586861,-3.1845894485845
"LD30EF",51.982156382203,-3.2121449365634
"LD30EG",51.979496894421,-3.2206356395342
"LD30EH",51.972945165311,-3.2107024206168
"LD30EJ",51.979610089837,-3.2044019798273
"LD30EL",51.976558831183,-3.1993984992211
"LD30EN",51.966628600566,-3.2084649686803
"LD30EP",51.95724867142,-3.2015320547476
"LD30ER",51.947048301005,-3.1903312273809
"LD30ES",51.941313977457,-3.1784378572624
"LD30ET",51.962179541287,-3.1834683800869
"LD30EU",51.953159044253,-3.1898381414405
"LD30EW",51.963088093289,-3.2047160021018
"LD30EY",51.96482810401,-3.2191307156569
"LD30HA",51.970281174049,-3.2291497679364
"LD30HB",52.022412031897,-3.1858884290631
"LD30HF",51.997452762292,-3.233739792199
"LD30HG",51.997837471077,-3.2347846997247
"LD30HH",51.999896101397,-3.2348413487892
"LD30HL",52.003672436296,-3.2400156216997
"LD30HN",52.005281117052,-3.2452180311495
"LD30HP",52.0054716989,-3.2467532271152
"LD30HR",52.005848953773,-3.2467928527
"LD30HS",52.00592681768,-3.2479315300444
"LD30HT",52.006169881116,-3.248754254278
"LD30HU",52.007050735991,-3.249638466392
"LD30HW",52.005783202989,-3.2462081999158
"LD30HX",52.005710485234,-3.2488288904195
"LD30HY",52.007618357936,-3.2512279723172
"LD30LA",52.005326768461,-3.2502461171697
"LD30LB",52.006020667492,-3.2501051774982
"LD30LD",52.006713827998,-3.2517272973419
"LD30LE",52.006509249158,-3.2472774718464
"LD30LF",52.007457580496,-3.246036146687
"LD30LG",52.007151416961,-3.2452262331945
"LD30LH",52.009062775364,-3.2430498222788
"LD30LJ",52.035780405176,-3.2681983833401
"LD30LL",52.012068741563,-3.2376829511689
"LD30LN",52.02308124812,-3.2430886262781
"LD30LP",52.008341063198,-3.2500678415578
"LD30LQ",52.06118789587,-3.2560215451607
"LD30LS",52.009821060165,-3.2605426103614
"LD30LT",52.003442395715,-3.2549433878262
"LD30LU",52.008778944722,-3.2596098842666
"LD30LW",52.021066816429,-3.2608733238516
"LD30LY",52.006783963717,-3.2578053498225
"LD30NA",52.011660870634,-3.2858340285678
"LD30NB",52.007862149681,-3.2870219887299
"LD30ND",52.013073812723,-3.3037265490392
"LD30NE",52.015048378298,-3.2852461888914
"LD30NF",52.016589638531,-3.2741556782532
"LD30NG",52.022695607946,-3.2848969274041
"LD30NH",52.026375954776,-3.2937051145075
"LD30NL",52.031891568714,-3.2818802306849
"LD30NN",52.035685177426,-3.2869315033558
"LD30NP",52.053682189821,-3.2988988418071
"LD30NR",52.025713406383,-3.303234050668
"LD30NS",52.031539431307,-3.3290772546625
"LD30NT",52.038684318941,-3.3523424726449
"LD30NU",52.018213014891,-3.3362173929862
"LD30NW",52.040339540383,-3.2905502662578
"LD30NY",52.008406055983,-3.2591622682495
"LD30PA",51.998954135947,-3.2759712423575
"LD30PB",51.995403737627,-3.2319062585633
"LD30PD",51.994965834454,-3.232506056824
"LD30PE",51.995465902463,-3.2328402700468
"LD30PF",51.994897726507,-3.2321400093513
"LD30PG",51.994383941165,-3.2331164542182
"LD30PH",51.994263421264,-3.2326033021765
"LD30PL",51.992893112376,-3.236367508874
"LD30PN",51.990203864302,-3.2389880648262
"LD30PP",51.980294132424,-3.2466802220239
"LD30PQ",51.994996281753,-3.2347502288587
"LD30PR",51.977830245652,-3.2415735204689
"LD30PS",51.961280677563,-3.259704457919
"LD30PT",51.960991188922,-3.2707444444267
"LD30PU",51.974175476633,-3.2605611489712
"LD30PW",51.980167708246,-3.2475795759857
"LD30PY",51.984923216654,-3.2527945100899
"LD30RA",51.995689278859,-3.2576400470631
"LD30RB",51.996604580063,-3.2902390577928
"LD30RD",51.992323744722,-3.2828765336466
"LD30RE",51.990772050666,-3.2825117364576
"LD30RF",51.984410275968,-3.3025590587017
"LD30RG",51.986665592754,-3.2731168492068
"LD30RH",51.984573755598,-3.287694145113
"LD30RL",51.975293893402,-3.2810795481355
"LD30RN",51.977113456445,-3.2964063495001
"LD30RP",51.966159544426,-3.3087118906652
"LD30RS",52.022096840944,-3.1868275233127
"LD30RT",52.026809218893,-3.2097659216294
"LD30RU",52.015903336633,-3.2330231099637
"LD30RW",51.977860258094,-3.3206439448498
"LD30RY",52.019432832646,-3.2274213181378
"LD30SA",52.021492993002,-3.2177994434308
"LD30SB",52.023192054477,-3.2134872936631
"LD30SD",52.027116359445,-3.2131270410247
"LD30SE",52.027950129056,-3.2081202659381
"LD30SG",52.029237600545,-3.204452101252
"LD30SH",52.031320376566,-3.2135469808975
"LD30SJ",52.032200520754,-3.2031321230797
"LD30SL",52.031993714053,-3.2048906428745
"LD30SN",52.032314551632,-3.206051025415
"LD30SP",52.031991535059,-3.1675973032167
"LD30SQ",52.028692403873,-3.2093939823715
"LD30SR",52.020599722958,-3.1574477063059
"LD30SS",52.014721897768,-3.1607936277523
"LD30ST",52.023057345277,-3.1852058415251
"LD30SU",52.021833377202,-3.1879866114175
"LD30SW",52.031746644335,-3.1813389048052
"LD30SY",52.021609190798,-3.1870332507521
"LD30SZ",52.023032217969,-3.1868085552575
"LD30TA",52.017915114208,-3.2028216796252
"LD30TB",52.018615901338,-3.1842431126747
"LD30TD",52.021765354543,-3.1858130219559
"LD30TE",52.027464827975,-3.1850745494673
"LD30TF",52.034144792189,-3.1976439951806
"LD30TG",52.019452149306,-3.1851396978676
"LD30TH",52.042051077173,-3.2712486193779
"LD30TL",51.95913305605,-3.3202972768749
"LD30TN",51.963271121925,-3.320156848575
"LD30TP",51.960840868181,-3.3489212319717
"LD30TR",51.962201995462,-3.3549012053167
"LD30TS",51.970139815536,-3.337815169243
"LD30TT",51.972504223413,-3.3235440413823
"LD30TU",51.977998520253,-3.324346688316
"LD30TW",51.958662356426,-3.3349262408537
"LD30TY",51.98022954348,-3.3282569759912
"LD30UA",51.986034325114,-3.3182336858088
"LD30UB",51.989489543244,-3.3244526430965
"LD30UD",51.989707701589,-3.3258428049861
"LD30UE",51.988867234103,-3.3270123311787
"LD30UF",51.988179154772,-3.3401296566565
"LD30UG",51.998865671462,-3.3366464100072
"LD30UH",52.014383815899,-3.3439875948913
"LD30UJ",51.988802563895,-3.3255684613596
"LD30UL",52.012483683123,-3.329969778793
"LD30UN",52.005767369894,-3.3082059726932
"LD30UP",52.030943328024,-3.2664578417674
"LD30UR",52.031971210575,-3.2636876848314
"LD30US",52.031500473132,-3.2639805719075
"LD30UT",52.029024496016,-3.2558635797058
"LD30UU",52.032985849341,-3.2629873184677
"LD30UW",52.005010603495,-3.2969500788952
"LD30UY",52.03372477736,-3.2653554812049
"LD30YA",52.034207823095,-3.2672645074002
"LD30YB",52.036495273053,-3.2711201643994
"LD30YD",52.037893981806,-3.2673250099432
"LD30YE",52.044630754838,-3.2771697278902
"LD30YF",52.039049791074,-3.2693845262873
"LD30YG",52.044090583274,-3.2714085742155
"LD30YH",52.043257947378,-3.2643851755027
"LD30YJ",52.039692710949,-3.26813413299
"LD30YL",52.03902177838,-3.261947182825
"LD30YN",52.037676094074,-3.273355397626
"LD30YP",52.051669300914,-3.2856550586037
"LD30YQ",52.038107847679,-3.2675060327284
"LD30YR",52.067059508555,-3.2835874586063
"LD30YS",52.074458622388,-3.2828949103057
"LD30YT",52.060928388871,-3.2817923385297
"LD30YU",52.057098747424,-3.2783859640547
"LD30YW",52.042971352429,-3.2809285261807
"LD30YX",52.039184528639,-3.2652180270532
"LD30YY",52.066116126301,-3.2719027472727
"LD30YZ",52.066116126301,-3.2719027472727
"LD33AF",51.940777608011,-3.4104030340555
"LD33BE",51.940777608011,-3.4104030340555
"LD33BH",51.940777608011,-3.4104030340555
"LD33BT",51.940777608011,-3.4104030340555
"LD33BX",51.940777608011,-3.4104030340555
"LD37AA",51.946615378718,-3.3898500542874
"LD37AD",51.946146098438,-3.3884677056911
"LD37AE",51.946188642234,-3.3886727407617
"LD37AF",51.946300352989,-3.3891127377863
"LD37AG",51.946841763276,-3.3889548464523
"LD37AH",51.947009296368,-3.3892365063331
"LD37AJ",51.923281081961,-3.3464277656521
"LD37AL",51.94737012581,-3.3899024921919
"LD37AN",51.947471296391,-3.3904731453097
"LD37AP",51.94699847803,-3.3901529337029
"LD37AQ",51.933680602624,-3.3538963823095
"LD37AR",51.947223207337,-3.3901598830436
"LD37AS",51.946972197602,-3.3900939139753
"LD37AU",51.946321524517,-3.3880802317765
"LD37AX",51.922070806757,-3.3547250622391
"LD37AY",51.947103822389,-3.3888465286792
"LD37AZ",51.922101966938,-3.3457380181561
"LD37BA",51.947289268288,-3.3883720463212
"LD37BD",51.921887819059,-3.3432301172141
"LD37BE",51.943309582132,-3.3796206652984
"LD37BF",51.941689514678,-3.3735908923467
"LD37BG",51.9455602057,-3.3862960180456
"LD37BH",51.920005245769,-3.3442937311402
"LD37BJ",51.921588061577,-3.3450681916977
"LD37BL",51.946049732571,-3.3859618780338
"LD37BN",51.946117021503,-3.3863568424829
"LD37BQ",51.918413268725,-3.3435335951243
"LD37BS",51.926860339241,-3.3385204850829
"LD37BU",51.946904726111,-3.3843729943099
"LD37BX",51.921981913854,-3.3444400459672
"LD37BY",51.946781022529,-3.3811241576203
"LD37BZ",51.922912277185,-3.3432897878261
"LD37DA",51.947323268154,-3.3877764694652
"LD37DB",51.945134095908,-3.3789345437252
"LD37DD",51.944345447738,-3.3878882635833
"LD37DE",51.944597278404,-3.3894093409135
"LD37DG",51.946838789646,-3.3907300645749
"LD37DH",51.946700632865,-3.3902455852685
"LD37DJ",51.946780446567,-3.3895786751733
"LD37DL",51.946233937334,-3.3909296263247
"LD37DQ",51.908483503354,-3.3381921117584
"LD37DR",51.945126153163,-3.3903133065485
"LD37DS",51.945126153163,-3.3903133065485
"LD37DT",51.945373129931,-3.3876726175381
"LD37DU",51.945143666573,-3.3888296285896
"LD37DW",51.945912788448,-3.3891880710745
"LD37DX",51.944277506016,-3.3898359855965
"LD37DY",51.945013759849,-3.3899315014582
"LD37EA",51.943646060174,-3.382366516897
"LD37EB",51.944139612477,-3.3824544460423
"LD37ED",51.944706743224,-3.3846981910739
"LD37EE",51.945223136639,-3.3836082053013
"LD37EF",51.945563198412,-3.386805405948
"LD37EG",51.945157314051,-3.3869092952141
"LD37EH",51.944812468572,-3.3871751274374
"LD37EJ",51.924732074015,-3.2923948569503
"LD37EL",51.944206085459,-3.3844499577471
"LD37EN",51.943286491875,-3.3823554617367
"LD37EP",51.9420153475,-3.3787952460676
"LD37EQ",51.918189664472,-3.2993763286483
"LD37ER",51.945142154336,-3.3874326696061
"LD37ES",51.94517220745,-3.3871716758533
"LD37ET",51.944731735092,-3.3841023685243
"LD37EU",51.944439126057,-3.3860431860048
"LD37EW",51.943500047091,-3.3871346351921
"LD37EX",51.925105340998,-3.2886967191775
"LD37EY",51.943911586392,-3.3865507505763
"LD37EZ",51.925806885548,-3.2911457910387
"LD37FB",51.94620858302,-3.3785600585984
"LD37FD",51.944137422476,-3.387227054013
"LD37FE",51.944358650832,-3.385240404899
"LD37GA",51.946543266963,-3.3875777715663
"LD37HA",51.943492517159,-3.384718997936
"LD37HB",51.944861416441,-3.3830150304942
"LD37HD",51.943363226648,-3.3834782160933
"LD37HE",51.943774261788,-3.3844657622327
"LD37HF",51.943643870894,-3.3840834294969
"LD37HG",51.943429340138,-3.3855027851737
"LD37HH",51.941649985301,-3.3792787433356
"LD37HJ",51.892998464966,-3.2413849703939
"LD37HL",51.942971816966,-3.3877003571732
"LD37HN",51.89194751938,-3.2395683545743
"LD37HP",51.942962622842,-3.3785332857882
"LD37HQ",51.896489124573,-3.2522663306595
"LD37HR",51.944402465294,-3.3807455198191
"LD37HT",51.919379663718,-3.3447404119511
"LD37HU",51.943046478738,-3.3844142512438
"LD37HW",51.943516453089,-3.3887939146434
"LD37HX",51.890489832135,-3.2388015794131
"LD37HY",51.947607622312,-3.3895896917705
"LD37HZ",51.891313485325,-3.2331561411018
"LD37JA",51.894531612385,-3.2870078429672
"LD37JB",51.894436947663,-3.2874411771485
"LD37JD",51.893946240307,-3.286264393179
"LD37JE",51.896627458079,-3.2820094343418
"LD37JF",51.895346495123,-3.2823799512091
"LD37JG",51.896259990691,-3.2818972280486
"LD37JH",51.894636546197,-3.2839876240443
"LD37JJ",51.885325150281,-3.2610964390702
"LD37JL",51.892787471958,-3.2477305343065
"LD37JP",51.947335996372,-3.3889846684401
"LD37JQ",51.896326291056,-3.2632940251755
"LD37JR",51.893708403212,-3.2405760785513
"LD37JW",51.951467965049,-3.3878462206688
"LD37LA",51.947916232431,-3.3901085537915
"LD37LB",51.946417489425,-3.388330571707
"LD37LD",51.94834977381,-3.3899473338294
"LD37LE",51.947882220725,-3.3907041365069
"LD37LF",51.947948066044,-3.3904587881294
"LD37LH",51.948212703298,-3.3901322738045
"LD37LJ",51.924444070531,-3.3279620925511
"LD37LL",51.949324554214,-3.3896427666897
"LD37LN",51.951281936161,-3.3876076262487
"LD37LP",51.950745982636,-3.3888280846837
"LD37LQ",51.915233362946,-3.3518727019152
"LD37LS",51.949437463414,-3.3899809661405
"LD37LT",51.948497779876,-3.39035937343
"LD37LU",51.948666909231,-3.3889821347648
"LD37LW",51.950285646945,-3.3889739427777
"LD37LX",51.913942274291,-3.3190439632037
"LD37LY",51.948684821023,-3.3882259677239
"LD37LZ",51.908129356332,-3.3064863339707
"LD37NA",51.94931852298,-3.3878671724812
"LD37NB",51.949696715949,-3.3893486663273
"LD37ND",51.949795532784,-3.3885949813494
"LD37NE",51.948729447875,-3.3867284559032
"LD37NF",51.949592499863,-3.3859837923745
"LD37NG",51.949318277923,-3.3871249863611
"LD37NH",51.949479319525,-3.3864314323874
"LD37NJ",51.886871751779,-3.2348220179217
"LD37NL",51.951052597625,-3.3864654059996
"LD37NN",51.950769826359,-3.3852778918209
"LD37NP",51.949908388669,-3.3835923355014
"LD37NQ",51.888273392149,-3.2357905194156
"LD37NR",51.948439482994,-3.3846239893324
"LD37NS",51.94860478457,-3.3835667641195
"LD37NT",51.947420873175,-3.3840687470702
"LD37NU",51.91640203112,-3.3170074961027
"LD37NW",51.949855154537,-3.3850605186223
"LD37NX",51.882479684795,-3.2351811728977
"LD37NY",51.948511657431,-3.3853683774655
"LD37NZ",51.874242397623,-3.2428877567335
"LD37PA",51.949086280672,-3.3854442963693
"LD37PB",51.947481924818,-3.3857586497155
"LD37PD",51.948110050968,-3.38663658803
"LD37PE",51.948482948292,-3.3908536913628
"LD37PF",51.941980664998,-3.3802200956129
"LD37PG",51.949227016901,-3.384182567564
"LD37PJ",51.925436801803,-3.2739434006243
"LD37PL",51.941248661998,-3.3759199573199
"LD37PN",51.942505594773,-3.368377718286
"LD37PP",51.943078902797,-3.3693409470975
"LD37PQ",51.926115777261,-3.2916782712042
"LD37PR",51.944331950514,-3.3652030091054
"LD37PS",51.944390891789,-3.3639970748237
"LD37PT",51.944869008682,-3.3638660697099
"LD37PW",51.943034946679,-3.3684811312993
"LD37PX",51.91744875995,-3.2625198985557
"LD37PY",51.941794001747,-3.3638309958705
"LD37PZ",51.898481036403,-3.2433530734308
"LD37RA",51.941794001747,-3.3638309958705
"LD37RB",51.941794001747,-3.3638309958705
"LD37RD",51.944152549006,-3.36593965326
"LD37RE",51.941871636911,-3.3656666603244
"LD37RH",51.941027128425,-3.3686964705887
"LD37RJ",51.88793861539,-3.2368422070243
"LD37RL",51.941904524246,-3.3690287302247
"LD37RN",51.942342156515,-3.3708317341949
"LD37RP",51.942747519265,-3.3746271896448
"LD37RQ",51.889958759768,-3.2354298238653
"LD37RR",51.94320969336,-3.3750923860389
"LD37RS",51.946199848506,-3.382372283927
"LD37RT",51.944375593565,-3.3792022981811
"LD37RU",51.941727417111,-3.3680193853764
"LD37RW",51.942462423454,-3.3728578895561
"LD37RX",51.884699936303,-3.2386859839618
"LD37RZ",51.888910295826,-3.2359387850636
"LD37SA",51.944072759012,-3.3774178097182
"LD37SB",51.890545478234,-3.2300685900258
"LD37SD",51.921664960305,-3.3446341850334
"LD37SE",51.946912433171,-3.386774268551
"LD37SF",51.944230102127,-3.3459346217979
"LD37SG",51.941395417971,-3.3664087926537
"LD37SH",51.94132340933,-3.3531807525687
"LD37SJ",51.89023630059,-3.2295369525804
"LD37SL",51.937785181562,-3.3433411832943
"LD37SN",51.942199163081,-3.3450299182308
"LD37SP",51.947589020754,-3.3392103451369
"LD37SQ",51.889161482629,-3.2265429158672
"LD37SR",51.955117130853,-3.3826465521457
"LD37SS",51.958131305862,-3.3817349708217
"LD37ST",51.941539491012,-3.3648417740248
"LD37SU",51.941779325353,-3.3273536523888
"LD37SW",51.948281800434,-3.3478458392758
"LD37SX",51.902894247135,-3.2435476158369
"LD37SY",51.935514429391,-3.298887539599
"LD37SZ",51.918994285732,-3.2440506257292
"LD37TA",51.936746121767,-3.2964644456849
"LD37TB",51.938127331309,-3.2992394329867
"LD37TD",51.938346285107,-3.2981400467269
"LD37TE",51.939114590123,-3.288778066357
"LD37TF",51.946754984654,-3.2923439384459
"LD37TG",51.945457993694,-3.2908951961905
"LD37TH",51.946873754877,-3.2897135145016
"LD37TJ",51.945730899946,-3.2889677197894
"LD37TL",51.946335832309,-3.2879228102982
"LD37TN",51.947818215958,-3.2855787683477
"LD37TP",51.945316539477,-3.2840957788947
"LD37TQ",51.916100100873,-3.2490165533112
"LD37TR",51.940657192275,-3.2642771699287
"LD37TS",51.941310362524,-3.2587084300619
"LD37TT",51.943413129475,-3.2596839720343
"LD37TU",51.954934363553,-3.2502119158335
"LD37TW",51.956714137384,-3.2787450579224
"LD37TX",51.946208265091,-3.2929975859857
"LD37TY",51.940252039002,-3.2592898810553
"LD37UA",51.939515627833,-3.2600403647924
"LD37UB",51.939650385418,-3.2583709814787
"LD37UD",51.939521623829,-3.2569561091194
"LD37UE",51.940054157111,-3.2508602739724
"LD37UG",51.938220781941,-3.2541409399626
"LD37UH",51.932813600945,-3.2382648832354
"LD37UL",51.946736483182,-3.2294226906643
"LD37UN",51.952826376314,-3.2352359907557
"LD37UP",51.957402072014,-3.2956047634956
"LD37UQ",51.903650454224,-3.2967906102016
"LD37UR",51.939752119083,-3.2530488067732
"LD37US",51.938016632818,-3.2522002730933
"LD37UU",51.940109996152,-3.2481410993778
"LD37UW",51.948417100346,-3.3079479198204
"LD37UX",51.898772857507,-3.2914026411812
"LD37UY",51.935303619218,-3.3433107048086
"LD37UZ",51.89653677184,-3.2903065165267
"LD37WD",51.940777608011,-3.4104030340555
"LD37WJ",51.940777608011,-3.4104030340555
"LD37WR",51.940777608011,-3.4104030340555
"LD37YA",51.932815294846,-3.3248343046102
"LD37YB",51.928811567148,-3.3218217784055
"LD37YD",51.925452400273,-3.3158470265919
"LD37YE",51.915982556679,-3.3013629743985
"LD37YF",51.903471993932,-3.2760985336748
"LD37YG",51.912253301853,-3.2855806061142
"LD37YJ",51.895678474469,-3.2890319143255
"LD37YL",51.902991491938,-3.2970187681913
"LD37YN",51.899141062685,-3.3028677004781
"LD37YP",51.892953190145,-3.2825007584531
"LD37YQ",51.896073699485,-3.2890722960446
"LD37YR",51.876541636511,-3.27176181653
"LD37YS",51.883101077183,-3.302636365377
"LD37YT",51.85772402866,-3.3026584731448
"LD37YU",51.881039991956,-3.2823360480844
"LD37YW",51.894582702324,-3.2970963776167
"LD37YX",51.894497172251,-3.2876899877176
"LD37YZ",51.894580463786,-3.287474348678
"LD37ZZ",51.940777608011,-3.4104030340555
"LD38AD",51.94579046505,-3.3926911746819
"LD38AF",51.945732263221,-3.3938098270441
"LD38AH",51.946805622322,-3.3942942085727
"LD38AL",51.94560357562,-3.3970798865377
"LD38AN",51.946244205795,-3.3961393932789
"LD38AP",51.944857476274,-3.3970567016007
"LD38AR",51.945370218716,-3.3985568631712
"LD38AS",51.945532714517,-3.3985037128931
"LD38AT",51.945695210293,-3.3984505622415
"LD38AU",51.946764048877,-3.3977998803858
"LD38AW",51.945607557777,-3.3975019989619
"LD38AY",51.94605944095,-3.3980690021752
"LD38BA",51.947171323661,-3.3975797144268
"LD38BB",51.946209485187,-3.3975498132251
"LD38BD",51.947702534809,-3.3967667645263
"LD38BE",51.947935228132,-3.3976180156283
"LD38BG",51.947098723921,-3.3999057483984
"LD38BH",51.951955360975,-3.569547351531
"LD38BL",51.946936349731,-3.3954041968663
"LD38BN",51.945606166215,-3.3923071310069
"LD38BT",51.942860917873,-3.4128983120843
"LD38BU",51.94543867175,-3.3980933516454
"LD38BY",51.94505317921,-3.3987507169381
"LD38DA",51.945247992412,-3.4005174757314
"LD38DB",51.946221074837,-3.3996019398326
"LD38DD",51.945373984537,-3.4020201807949
"LD38DE",51.945160278247,-3.4033522264726
"LD38DF",51.946670871354,-3.4003435273379
"LD38DG",51.944733850614,-3.4021602800904
"LD38DH",51.944851073325,-3.4013781768468
"LD38DJ",51.944064442455,-3.4040019111207
"LD38DL",51.944495821272,-3.4017599800964
"LD38DN",51.944663937749,-3.4042534490035
"LD38DP",51.943594089474,-3.4034779490159
"LD38DQ",51.945099926384,-3.4038887362289
"LD38DR",51.943707479456,-3.4037725031289
"LD38DS",51.943724510675,-3.4000771492222
"LD38DT",51.943177535966,-3.401456969639
"LD38DU",51.943453428267,-3.401698379613
"LD38DW",51.944333908218,-3.4047815254109
"LD38DX",51.945838075209,-3.4038244780104
"LD38DY",51.942736161357,-3.4030292069263
"LD38EA",51.942533445851,-3.400418369516
"LD38EB",51.944489802175,-3.3992424734829
"LD38ED",51.944479909325,-3.4061102265533
"LD38EE",51.943050316372,-3.4008127816846
"LD38EF",51.945321430973,-3.4161769165514
"LD38EG",51.944971307079,-3.4071296241148
"LD38EH",51.933473215078,-3.429987583305
"LD38EJ",51.923992366151,-3.4624111637934
"LD38EL",51.926120617775,-3.4561241264247
"LD38EN",51.922670175735,-3.4638807662511
"LD38EP",51.914856492987,-3.4774846525007
"LD38EQ",51.942364560809,-3.3987398263516
"LD38ER",51.92457036158,-3.487330383372
"LD38ES",51.943130560155,-3.4802324410558
"LD38ET",51.935384558506,-3.4989773818901
"LD38EU",51.947577621364,-3.4969246213678
"LD38EW",51.919455395156,-3.4635144092583
"LD38EX",51.946031447066,-3.4132162257794
"LD38EY",51.949515054486,-3.5064775403801
"LD38FB",51.922356923431,-3.4623143761812
"LD38HA",51.947666648504,-3.5277927558013
"LD38HB",51.950289998503,-3.5238216212825
"LD38HD",51.953742257839,-3.535654780616
"LD38HF",51.955504097025,-3.5301841796107
"LD38HG",51.957641781126,-3.5359044834749
"LD38HH",51.955842535878,-3.5571804457631
"LD38HL",51.960785091149,-3.5608307402001
"LD38HN",51.968043761011,-3.5498143991336
"LD38HP",51.953382861959,-3.5106095398853
"LD38HR",51.955297959055,-3.4993795133787
"LD38HS",51.957314157838,-3.4921545916119
"LD38HT",51.923463551391,-3.4637175039119
"LD38HW",51.962868689457,-3.5309008240291
"LD38LA",51.940876558348,-3.4096495470939
"LD38LB",51.93488775081,-3.4111348379769
"LD38LD",51.92472778771,-3.4274115522276
"LD38LE",51.916717815235,-3.4257323632724
"LD38LF",51.930951576455,-3.4139206727678
"LD38LG",51.924916150752,-3.4170326296917
"LD38LH",51.912870305122,-3.4046863171085
"LD38LJ",51.943818750911,-3.4049982415646
"LD38LL",51.90638806049,-3.3947431594979
"LD38LN",51.920680079917,-3.3967713225492
"LD38LP",51.906979189278,-3.3704525653202
"LD38LR",51.919524200096,-3.372725154221
"LD38LS",51.927869898083,-3.3772852870435
"LD38LT",51.928411411151,-3.3916439758181
"LD38LU",51.936342672811,-3.3924131290398
"LD38LW",51.913330660948,-3.3779163738102
"LD38NA",51.936771970712,-3.414481921149
"LD38NB",51.930037227285,-3.4389116345532
"LD38ND",51.92194178712,-3.4588103789945
"LD38NE",51.915390856486,-3.4489714596078
"LD38NF",51.900220300572,-3.4786179580098
"LD38NG",51.911738258772,-3.47300560561
"LD38NH",51.898175561426,-3.4895837434956
"LD38NL",51.87200025088,-3.4779971611695
"LD38NN",51.90961719184,-3.4914744720606
"LD38NP",51.901844124735,-3.5240277887128
"LD38NR",51.919563104792,-3.5209775158958
"LD38NS",51.938693750048,-3.4589027436757
"LD38NU",51.940777608011,-3.4104030340555
"LD38NW",51.906233575213,-3.5113967848305
"LD38PA",51.945609533885,-3.4071496000004
"LD38PB",51.943485987354,-3.4377705315155
"LD38PD",51.942154796827,-3.4370586508973
"LD38PE",51.940154578355,-3.4410540723969
"LD38PF",51.945229121113,-3.4547203192446
"LD38PG",51.946729831918,-3.5682589460463
"LD38PH",51.945605707278,-3.5702860584883
"LD38PJ",51.942359722335,-3.4394223563074
"LD38PL",51.94681960824,-3.5736608699309
"LD38PN",51.950027623256,-3.5684467701368
"LD38PP",51.944756136515,-3.5706056156247
"LD38PR",51.944336567701,-3.5723953061
"LD38PS",51.944015801479,-3.5735190727132
"LD38PT",51.948002567879,-3.5953417099398
"LD38PU",51.933924054275,-3.6095792586675
"LD38PW",51.945318465118,-3.5702469221688
"LD38PY",51.924117663576,-3.6151480957168
"LD38RA",51.919209210981,-3.6130667531218
"LD38RB",51.954427605677,-3.6128459973051
"LD38RD",51.962050597847,-3.6241684115663
"LD38RE",51.96868113696,-3.6427527363862
"LD38RF",51.956683179899,-3.6620947838244
"LD38RG",51.965906730389,-3.646305411149
"LD38RH",51.970583946245,-3.6723933868254
"LD38RL",51.945797551853,-3.568037251463
"LD38RP",51.951315816956,-3.5587991293961
"LD38RR",51.94718656022,-3.5656991560181
"LD38RS",51.94594466058,-3.5677950035777
"LD38RT",51.943938412399,-3.567186650466
"LD38RU",51.943231143896,-3.566274395652
"LD38RY",51.942377252172,-3.5648914473327
"LD38SA",51.938147210665,-3.5678577604677
"LD38SB",51.939825486662,-3.5633767644435
"LD38SD",51.939317392101,-3.5630390084813
"LD38SE",51.938076015563,-3.5630686045038
"LD38SF",51.936759148886,-3.5626882112443
"LD38SG",51.936301508116,-3.5626141141841
"LD38SH",51.938786964191,-3.5623512989022
"LD38SL",51.937144772664,-3.562090559916
"LD38SN",51.936829483823,-3.5614540115478
"LD38SP",51.92899141333,-3.5557561805525
"LD38SR",51.926355900284,-3.5469378290608
"LD38SS",51.915481634604,-3.5498359296425
"LD38ST",51.909048870603,-3.5650120486674
"LD38SU",51.8927918477,-3.5533427445233
"LD38SW",51.936583350628,-3.5596705276629
"LD38SY",51.893220348222,-3.5879355022203
"LD38TA",51.898077517665,-3.5405006260868
"LD38TB",51.940157192624,-3.5416363283832
"LD38TD",51.935945163815,-3.5267252886454
"LD38TE",51.926298485252,-3.5237651917195
"LD38TF",51.948341213782,-3.5124628910332
"LD38TG",51.917915576972,-3.5329049131452
"LD38TL",51.90493632137,-3.5847140836582
"LD38TN",51.947697354677,-3.5658333654247
"LD38TP",51.949864737275,-3.5631146966289
"LD38TR",51.950536257016,-3.5626577944362
"LD38TS",51.952257684001,-3.566428851678
"LD38TT",51.960368368286,-3.5725487076444
"LD38TU",51.966539456241,-3.5864641863965
"LD38TW",51.949480945744,-3.5642510252395
"LD38TY",51.958744176463,-3.6023023282441
"LD38UA",51.977353044216,-3.5632704871311
"LD38UB",51.984074814812,-3.5884819493638
"LD38UD",51.995839394533,-3.6009314867046
"LD38UE",51.948523059648,-3.6276087886364
"LD38UF",51.948680356419,-3.6285895151821
"LD38UG",51.948150185795,-3.6292106177945
"LD38UH",51.949308452533,-3.6325852162267
"LD38UL",51.950295738318,-3.6327229495044
"LD38UP",51.949498614143,-3.6292449402624
"LD38UQ",51.949695434953,-3.6319152794768
"LD38UR",51.942231800935,-3.628646929455
"LD38UT",51.941628783707,-3.6189054128683
"LD38UU",51.944994492924,-3.6036165995594
"LD38UW",51.950432831423,-3.630617704923
"LD38UY",51.927469694766,-3.6483893267589
"LD38YA",51.912065597057,-3.6399875721188
"LD38YB",51.917373687117,-3.6307574209399
"LD38YD",51.917657141479,-3.6701784097301
"LD38YE",51.932339575016,-3.6595656815546
"LD38YF",51.941291392168,-3.6745192118646
"LD38YG",51.928404161675,-3.679610621509
"LD38YH",51.934241254124,-3.5687690390143
"LD38YL",51.911764890483,-3.5878190086129
"LD38YN",51.905107156071,-3.6046233698506
"LD38YP",51.906943889165,-3.6057792754391
"LD38YR",51.894639082772,-3.6243234916922
"LD38YS",51.900304011093,-3.6386287867246
"LD38YT",51.908989735455,-3.6211917811985
"LD38YU",51.912711961782,-3.6055052045138
"LD38YW",51.905846847405,-3.6051149763544
"LD38YY",51.881521234353,-3.6136788769547
"LD39AA",51.946428089385,-3.3912412166978
"LD39AB",51.946894322733,-3.3913575073929
"LD39AD",51.947184898595,-3.3911191194879
"LD39AE",51.947600978607,-3.3909137155549
"LD39AF",51.947468769792,-3.3914480462632
"LD39AH",51.947683993967,-3.3914983639812
"LD39AL",51.947247526912,-3.3919068577327
"LD39AN",51.947622491706,-3.3921367472938
"LD39AP",51.948731569684,-3.3949214863001
"LD39AR",51.948545008481,-3.3939697989135
"LD39AS",51.948979322196,-3.3960206060698
"LD39AT",51.948810893138,-3.3942981960172
"LD39AU",51.948843575866,-3.3945757049128
"LD39AY",51.948384956731,-3.3945760293868
"LD39BA",51.949695003347,-3.3963338856604
"LD39BB",51.949431516805,-3.3950450747914
"LD39BD",51.949537662645,-3.3951938950196
"LD39BE",51.949710465172,-3.393511150183
"LD39BG",51.949082979691,-3.3941029010945
"LD39BH",51.949286284467,-3.3944002566674
"LD39BL",51.949787462241,-3.3953617278759
"LD39BN",51.949666585578,-3.394179211456
"LD39BP",51.955408652176,-3.3876768198233
"LD39BQ",51.956743773943,-3.3865536522693
"LD39BR",51.956808285481,-3.3887097748205
"LD39BS",51.95708866908,-3.390858030244
"LD39BT",51.955960127053,-3.3927588753146
"LD39BU",51.948352630835,-3.3912280168721
"LD39BW",51.949139011554,-3.3946867377366
"LD39DA",51.94808295584,-3.3912196709295
"LD39DB",51.9483879888,-3.3928007515643
"LD39DD",51.948322861837,-3.3907032162456
"LD39DE",51.949463073148,-3.3931396665029
"LD39DF",51.949392795045,-3.391478497519
"LD39DG",51.949443070321,-3.3910289242337
"LD39DH",51.949998111862,-3.3904785432932
"LD39DJ",51.948947075658,-3.3934292754463
"LD39DL",51.950154122475,-3.3917349097911
"LD39DN",51.950656483577,-3.3918377817285
"LD39DP",51.950633471453,-3.3915023512564
"LD39DR",51.950550377551,-3.3924457191283
"LD39DS",51.94984401896,-3.3921036786832
"LD39DT",51.949742597758,-3.3930755663183
"LD39DU",51.950022502413,-3.3937391150176
"LD39DW",51.950978889335,-3.3919496364222
"LD39DX",51.950484141527,-3.3919634214057
"LD39DY",51.950219402641,-3.3938179842784
"LD39EA",51.952905708594,-3.3925041337771
"LD39EB",51.951217467905,-3.3923063000496
"LD39ED",51.951988206828,-3.3910058160571
"LD39EE",51.9478492375,-3.3912124378851
"LD39EF",51.951914148094,-3.3927062681567
"LD39EG",51.952473234781,-3.3933348410166
"LD39EH",51.954484144327,-3.3921018587113
"LD39EL",51.955165427423,-3.3922830602996
"LD39EN",51.953849134861,-3.3910488562756
"LD39EP",51.953367730401,-3.3891710657521
"LD39EQ",51.9545052985,-3.3864991457075
"LD39ER",51.955949624353,-3.3906044579819
"LD39ES",51.955005191965,-3.3898620712588
"LD39ET",51.954466161161,-3.3875312856123
"LD39EU",51.951899808153,-3.3901153253123
"LD39EW",51.952721484988,-3.3905919008437
"LD39EY",51.954808606985,-3.3874690865315
"LD39HA",51.95021068967,-3.3975868949482
"LD39HB",51.950532009549,-3.3955158169399
"LD39HD",51.950145107067,-3.3947761652159
"LD39HE",51.950592779906,-3.3934220797432
"LD39HF",51.950647953669,-3.39407867334
"LD39HG",51.951385202933,-3.3933302196186
"LD39HH",51.951000627418,-3.3946717344436
"LD39HJ",51.953174216401,-3.3933711255907
"LD39HL",51.951723749589,-3.3951162179561
"LD39HN",51.951795087776,-3.393648545578
"LD39HP",51.952255183285,-3.3965589546656
"LD39HR",51.952835162201,-3.396940817563
"LD39HS",51.953228184221,-3.3941295960758
"LD39HT",51.95340922554,-3.3955469357934
"LD39HU",51.954056634993,-3.3963092958025
"LD39HW",51.952293513494,-3.3948428330745
"LD39HY",51.953281166079,-3.3972457561566
"LD39LA",51.950069719132,-3.3943081372003
"LD39LB",51.949642029858,-3.3939747129545
"LD39LD",51.95413956309,-3.3946235973154
"LD39LE",51.955111312498,-3.3968514677526
"LD39LF",51.955187042694,-3.3980472853008
"LD39LG",51.950794627583,-3.3968774003909
"LD39LH",51.951934017455,-3.3986155560265
"LD39LL",51.950670178554,-3.3982706183631
"LD39LN",51.964092890119,-3.3932147797177
"LD39LP",51.969190087773,-3.4308331651778
"LD39LR",51.965064960945,-3.4321138760686
"LD39LS",51.963171132644,-3.4791020929692
"LD39LT",51.976856489637,-3.4976965712099
"LD39LU",51.982007308764,-3.5279416237582
"LD39LW",51.964489291397,-3.4261997387971
"LD39LY",51.988887466856,-3.5181401478324
"LD39NA",51.996627547781,-3.5398025075376
"LD39NB",52.009193797136,-3.5477531229163
"LD39ND",51.993664771264,-3.4833844718357
"LD39NE",51.989132248278,-3.4690623830232
"LD39NF",51.971126106636,-3.4577428745865
"LD39NG",51.952311091532,-3.4745677854524
"LD39NH",51.955041380774,-3.4784269854091
"LD39NL",51.963698013549,-3.4922210352931
"LD39NN",51.958056169344,-3.4796760552134
"LD39NP",51.963480337969,-3.4513661987367
"LD39NR",51.969039785456,-3.4642704034646
"LD39NS",51.968387418713,-3.4545092952537
"LD39NT",51.957574927194,-3.449690821398
"LD39NU",51.964833967928,-3.4487895531164
"LD39NW",51.957740593842,-3.4566681774905
"LD39NY",51.963505074498,-3.4405655519443
"LD39PA",51.957783235418,-3.4304553799988
"LD39PB",51.9640864007,-3.4319807812986
"LD39PD",51.96513906157,-3.4304566590699
"LD39PE",51.960763561532,-3.4227189763644
"LD39PF",51.953566490971,-3.403498256146
"LD39PG",51.957960717099,-3.4306502496603
"LD39PH",51.950210321324,-3.4253682650175
"LD39PL",51.955349822434,-3.3949376887322
"LD39PN",51.955658095966,-3.3969994539564
"LD39PP",51.977171402837,-3.4117933413387
"LD39PR",51.984973493456,-3.4150680214702
"LD39PS",51.982722543661,-3.4078027633109
"LD39PT",51.983233409699,-3.4184356118953
"LD39PU",51.989901177988,-3.4128345895073
"LD39PW",51.993500979255,-3.4110979159951
"LD39PY",51.992354396699,-3.4107268369177
"LD39QA",51.963470407748,-3.4316117757306
"LD39RA",51.993048644527,-3.4105738582794
"LD39RB",51.996088065898,-3.4128254173958
"LD39RD",52.00197251202,-3.4147882061664
"LD39RE",52.011823180347,-3.4129567159934
"LD39RF",52.022902556783,-3.4226056462484
"LD39RG",52.054168189633,-3.4470394184928
"LD39RH",52.012654288317,-3.4156352055805
"LD39RL",51.968430430532,-3.3730399089935
"LD39RN",51.968392549325,-3.4423965457713
"LD39RP",51.997734379958,-3.449764153937
"LD39RR",51.995619263211,-3.4622822611353
"LD39RS",52.000392100075,-3.4602815656283
"LD39RT",52.003675744253,-3.4731665744637
"LD39RU",52.003415248207,-3.4973882904893
"LD39RW",51.980572917434,-3.4529962827808
"LD39RY",52.005211335653,-3.4654070663454
"LD39SA",52.018878459991,-3.4927304264816
"LD39SB",52.02698778061,-3.5055957730677
"LD39SD",52.02638380264,-3.4794522574382
"LD39SE",52.036116705343,-3.4792049268047
"LD39SF",52.037554949981,-3.4735073724265
"LD39SG",52.023521924268,-3.4630756027683
"LD39SH",52.011932054194,-3.4491446546132
"LD39SN",51.957490967854,-3.3803616523702
"LD39SP",51.955967131083,-3.373794360088
"LD39SR",51.952164756923,-3.3805910168334
"LD39SS",51.9667733383,-3.3747944724661
"LD39ST",51.967066731774,-3.3758516454849
"LD39SU",51.968671606039,-3.3877516492912
"LD39SW",51.960222262667,-3.3728764162894
"LD39SY",51.96610374687,-3.373609346214
"LD39TA",51.974242598805,-3.3455088538069
"LD39TB",51.979261513055,-3.3414653347371
"LD39TD",51.976025372954,-3.3586235947957
"LD39TE",51.989357870866,-3.3674459391305
"LD39TF",51.981235683862,-3.3637471704423
"LD39TG",51.985137071899,-3.3930521732353
"LD39TH",52.006384577396,-3.3522865162061
"LD39TL",52.014739892989,-3.3785379522571
"LD39TN",52.003025956607,-3.3851715612235
"LD39TP",51.996250953253,-3.3999380714762
"LD39TR",51.976715520032,-3.4032896958249
"LD39TS",51.97240931591,-3.3971418601061
"LD39TT",51.981836911254,-3.405910918563
"LD39TW",51.991764734364,-3.3854066425146
"LD39UA",51.953546328965,-3.4014164171048
"LD39UB",51.953577989652,-3.3995108408719
"LD39UD",51.954437835976,-3.3990427732765
"LD39UE",51.952904325159,-3.3986894108654
"LD39UF",51.954551230825,-3.4000942079726
"LD39WJ",51.940777608011,-3.4104030340555
"LD39WQ",51.940777608011,-3.4104030340555
"LD44AA",52.116257717629,-3.5539132218521
"LD44AB",52.128654423901,-3.5335966948728
"LD44AE",52.133246758541,-3.532424665701
"LD44AF",52.133178722381,-3.5293536831409
"LD44AG",52.133745288256,-3.5341953107233
"LD44AH",52.134032604316,-3.5328461838898
"LD44AL",52.136731315709,-3.543796877766
"LD44AN",52.134597537592,-3.5597098394529
"LD44AP",52.14578969486,-3.5538303347123
"LD44AR",52.13428609457,-3.5285586729944
"LD44AS",52.135472463864,-3.527912460662
"LD44AT",52.134420166408,-3.5272334789675
"LD44AU",52.137974884761,-3.5221524343968
"LD44AW",52.14058894765,-3.5472332863787
"LD44AY",52.13865227543,-3.5093294951144
"LD44BA",52.14191363896,-3.4918866500411
"LD44BB",52.14574823715,-3.4937103543531
"LD44BD",52.153997830461,-3.4919982751141
"LD44BG",52.151619488246,-3.5149138134463
"LD44BH",52.130517481439,-3.5244552830041
"LD44BL",52.126882162063,-3.5106703561011
"LD44BN",52.123682497729,-3.5210371345466
"LD44BS",52.114894921073,-3.5412748911982
"LD44BT",52.110700094568,-3.555983784009
"LD44BU",52.119831736426,-3.5316138568927
"LD44BW",52.115685355819,-3.5536742120352
"LD44BY",52.11347751093,-3.5574388747998
"LD44DA",52.123929716347,-3.5748089165365
"LD44DB",52.121061924497,-3.5874904525232
"LD44DD",52.113660790471,-3.5774704783247
"LD44DE",52.109506123535,-3.5895335628368
"LD44DF",52.115735725169,-3.5990014156971
"LD44DG",52.105830971304,-3.5631015236467
"LD44DH",52.106702295896,-3.5827159849756
"LD44DL",52.097663242929,-3.5994938618437
"LD44DN",52.097168441246,-3.6028197780976
"LD44DP",52.090096695718,-3.6156029104258
"LD44DR",52.058207168422,-3.6353131661702
"LD44DS",52.059064630058,-3.6363802751862
"LD44DU",52.070743929275,-3.6084397490886
"LD44DW",52.085735451271,-3.5924693448074
"LD44EA",52.111728541576,-3.5543691578516
"LD44EB",52.112420117112,-3.5537505562932
"LD44ED",52.112855863867,-3.5548027336219
"LD44EE",52.113746663704,-3.5547606982539
"LD44EF",52.112313740748,-3.5543164845212
"LD44EG",52.11195247804,-3.5544353700674
"LD44EH",52.111751271145,-3.5546912724991
"LD44EL",52.112165058227,-3.5499003707016
"LD44EN",52.107729880669,-3.5520978548478
"LD44EP",52.109249756682,-3.5643310642456
"LD44ER",52.107604391714,-3.569049080161
"LD44ES",52.095602731936,-3.5815930344849
"LD44EW",52.109713866551,-3.557804277793
"LD54AB",52.134907995875,-3.6252758558262
"LD54AD",52.115607424694,-3.6647869017417
"LD54AE",52.109172213471,-3.6446844041599
"LD54AF",52.103224619556,-3.6117402818396
"LD54AG",52.114407794836,-3.6289996880266
"LD54BA",52.108590073856,-3.6335195550214
"LD54RA",52.107215514639,-3.6386100268422
"LD54RB",52.107266003332,-3.6369177772844
"LD54RD",52.107769528609,-3.6369216152516
"LD54RE",52.107208965447,-3.6364921636387
"LD54RF",52.107842906828,-3.6355222706803
"LD54RG",52.107506466363,-3.6338450581733
"LD54RH",52.106613737156,-3.6366164098424
"LD54RJ",52.106604975092,-3.6320596116692
"LD54RL",52.106535046182,-3.6345105417485
"LD54RN",52.105671194247,-3.63455196934
"LD54RP",52.104712764297,-3.6303841369236
"LD54RQ",52.106730788318,-3.6333639737089
"LD54RR",52.101808878543,-3.6205529502958
"LD54RS",52.105488127627,-3.6256808155449
"LD54RT",52.10805758293,-3.6323609356583
"LD54RU",52.107194806912,-3.6342717933302
"LD54RW",52.105943824887,-3.6356426268696
"LD54SA",52.109233989947,-3.6324769303236
"LD54SB",52.123016758857,-3.6229000879336
"LD54SD",52.114407794836,-3.6289996880266
"LD54SE",52.115085809192,-3.6280895689213
"LD54SF",52.131123913016,-3.6159909553998
"LD54SG",52.136080498615,-3.6152058498744
"LD54SL",52.120890903051,-3.6361752579623
"LD54SN",52.109416010846,-3.642677882497
"LD54SP",52.106571771821,-3.6376955756589
"LD54SR",52.106176101365,-3.6376956813887
"LD54SS",52.106687663444,-3.6384154244989
"LD54ST",52.105924909299,-3.638299840139
"LD54SU",52.106086048728,-3.6402918816933
"LD54SY",52.107602504038,-3.6489057391312
"LD54TA",52.103628949943,-3.6410925035176
"LD54TB",52.101286004072,-3.6369178268536
"LD54TD",52.086119998971,-3.641778360502
"LD54TE",52.091609079952,-3.6614114489342
"LD54TH",52.109444599547,-3.6483602947912
"LD54TL",52.118454582137,-3.6548134692437
"LD54TN",52.138127528311,-3.6690317533145
"LD54TP",52.163646088278,-3.6672666751612
"LD54TR",52.185912880788,-3.7030364371719
"LD54TS",52.176096256775,-3.6341635512024
"LD54TT",52.159376517214,-3.6022613113362
"LD54TW",52.151686957494,-3.681774937185
"LD54TY",52.154904478478,-3.5911796881005
"LD54UA",52.149719321304,-3.5875887721156
"LD54UB",52.149440533858,-3.5802259877898
"LD54UD",52.15237922734,-3.5729620952836
"LD54UE",52.161842730351,-3.5733689034118
"LD54UF",52.138642860072,-3.5733403122145
"LD54UG",52.13258366924,-3.5946364123047
"LD54UH",52.140922295487,-3.5931073694423
"LD54UL",52.143552868429,-3.6158854943243
"LD54UN",52.136348121283,-3.6087854665538
"LD54UP",52.147855935312,-3.577012499258
"LD54UR",52.148470834965,-3.5760840781564
"LD54UT",52.148356527949,-3.5758900116941
"LD54UU",52.148702380248,-3.5769254685105
"LD54UY",52.14900267762,-3.579348028568
"LD54YA",52.149075309261,-3.5813093974296
"LD54YB",52.148205986797,-3.581760975333
"LD54YD",52.149199033648,-3.5740779041046
"LD54YE",52.153138004821,-3.5760734994817
"LD54YF",52.15558218976,-3.5835868156767
"LD54YG",52.170088224103,-3.6008034452987
"LD65AB",52.299700170953,-3.5101944685986
"LD65AD",52.299587074347,-3.5098972742269
"LD65AF",52.299349070366,-3.5102265241571
"LD65AG",52.29920483099,-3.5123630258503
"LD65AH",52.298920965004,-3.5120600117124
"LD65AL",52.298739700193,-3.5121711730133
"LD65AN",52.298476039904,-3.5123968617386
"LD65AP",52.298698994847,-3.5139444961544
"LD65AR",52.297935190631,-3.5139037777564
"LD65AS",52.297358557939,-3.5153947692136
"LD65AT",52.299867536357,-3.5118722476535
"LD65AU",52.300256654408,-3.5116801569047
"LD65AW",52.299116738052,-3.5143254240193
"LD65AY",52.301014098616,-3.5115152743231
"LD65BA",52.300436770453,-3.5123610010266
"LD65BB",52.3018797756,-3.511324735986
"LD65BD",52.302056911465,-3.5115361219276
"LD65BE",52.302301280344,-3.5114124308769
"LD65BG",52.302523374914,-3.5109212728535
"LD65BH",52.298410564288,-3.50696786926
"LD65BL",52.296863636152,-3.4985115049082
"LD65BN",52.299206935869,-3.5058655344952
"LD65BP",52.298676258134,-3.5108049793457
"LD65BT",52.300459675414,-3.5098682890415
"LD65BU",52.300854779381,-3.5099110656151
"LD65BW",52.29961781769,-3.5145185278633
"LD65BY",52.300493928468,-3.510705508213
"LD65DA",52.302239903827,-3.5084767027901
"LD65DB",52.303308330092,-3.5050805816062
"LD65DD",52.301969673404,-3.510623728434
"LD65DE",52.302657648644,-3.510265769445
"LD65DF",52.302565350334,-3.5083410817498
"LD65DG",52.303072243793,-3.5087836951686
"LD65DH",52.304170053329,-3.5044937167459
"LD65DJ",52.302999958251,-3.5095146596046
"LD65DL",52.300410999373,-3.5087518967897
"LD65DN",52.300605931145,-3.5082744909102
"LD65DP",52.301418045639,-3.5073486752722
"LD65DR",52.301748517266,-3.505409052474
"LD65DS",52.300770149111,-3.5073853418719
"LD65DU",52.300400888594,-3.5081355147788
"LD65DW",52.302060701502,-3.5077225373333
"LD65DY",52.302790224777,-3.5012785738445
"LD65DZ",52.304028218992,-3.4993841773554
"LD65EA",52.30108734635,-3.5064867112057
"LD65EB",52.30054956165,-3.5070551622967
"LD65ED",52.30065105077,-3.506853261193
"LD65EE",52.299968892218,-3.5074608013095
"LD65EF",52.303113873747,-3.5026976949686
"LD65EG",52.303563096268,-3.5027275746368
"LD65EH",52.302584959029,-3.504689342095
"LD65EL",52.302317977276,-3.5065871572591
"LD65EN",52.301346807784,-3.5002323322552
"LD65EP",52.304579910884,-3.5033781026123
"LD65ER",52.301806511707,-3.5036801912882
"LD65EU",52.29879909471,-3.5180546878262
"LD65EW",52.302079785056,-3.5012838778277
"LD65EY",52.302873677661,-3.5325837854882
"LD65HA",52.317427237564,-3.5384716759707
"LD65HB",52.297326254503,-3.5463255275316
"LD65HD",52.290043733839,-3.5483008450222
"LD65HE",52.266281064058,-3.6065821519403
"LD65HF",52.253170898057,-3.6373028492848
"LD65HG",52.294375696586,-3.5137970536918
"LD65HH",52.293028600033,-3.5255419094464
"LD65HL",52.286173467271,-3.5458344884717
"LD65HN",52.279473132765,-3.5568753932526
"LD65HP",52.271551129222,-3.5643519331601
"LD65HR",52.267169575573,-3.5652089903956
"LD65HS",52.316206719168,-3.6307808237312
"LD65HT",52.309376665625,-3.5407451935707
"LD65HW",52.275798305327,-3.56209732975
"LD65HY",52.277005372063,-3.5598968065214
"LD65LA",52.303477579597,-3.5122445966333
"LD65LB",52.305388424551,-3.5139966764812
"LD65LD",52.318158494684,-3.5327156816118
"LD65LE",52.33919655716,-3.5488282580174
"LD65LF",52.338661428405,-3.5215042243106
"LD65LG",52.344079799012,-3.4921940527195
"LD65LH",52.345395335252,-3.4877014788999
"LD65LJ",52.35124018742,-3.4941092385787
"LD65LL",52.359957407681,-3.4930814515233
"LD65LN",52.362106970181,-3.4923313968177
"LD65LP",52.389101594543,-3.5183883199397
"LD65LQ",52.341053511526,-3.4818741821685
"LD65LR",52.370177601973,-3.5222639343087
"LD65LS",52.303790359365,-3.5074732582546
"LD65LT",52.314694661711,-3.5063031920326
"LD65LU",52.341085931134,-3.4828735741802
"LD65LW",52.366475627425,-3.4945792229423
"LD65LY",52.358702813665,-3.4755618130668
"LD65LZ",52.343465711534,-3.4866970630354
"LD65NA",52.365832621401,-3.4792219799834
"LD65NB",52.379246025571,-3.4474765202185
"LD65ND",52.362399695625,-3.4301227590646
"LD65NE",52.360010696901,-3.4224376550303
"LD65NF",52.366869445669,-3.4203664291105
"LD65NG",52.343505714928,-3.4647784914401
"LD65NH",52.319952808094,-3.4548292879348
"LD65NL",52.311111255199,-3.4579430286787
"LD65NN",52.303018313187,-3.5073736910882
"LD65NP",52.305420379045,-3.5058710072607
"LD65NR",52.311043717321,-3.4957040792334
"LD65NS",52.316054674383,-3.4848244733992
"LD65NT",52.310762009036,-3.4723237369338
"LD65NU",52.301902833491,-3.4932544651981
"LD65NY",52.301869765728,-3.4765758083809
"LD65PA",52.304468902814,-3.4829992426298
"LD65PB",52.300137060965,-3.4662509634914
"LD65PD",52.291890798891,-3.4633976263484
"LD65PE",52.300282812018,-3.4294258386723
"LD65PL",52.303653817932,-3.5111211153744
"LD65PN",52.304673052459,-3.5059483303721
"LD65PP",52.304327955709,-3.5097358583358
"LD65PW",52.304802648655,-3.5091799154825
"LD71AA",52.344167471598,-3.0472974638825
"LD71AD",52.344428173219,-3.0473036246023
"LD71AE",52.343792115231,-3.047039012225
"LD71AF",52.343445041498,-3.0476474213991
"LD71AG",52.344666340476,-3.047823107641
"LD71AJ",52.345917848752,-3.0466194124528
"LD71AL",52.345640743089,-3.0474497355487
"LD71AN",52.345572338205,-3.0470517084135
"LD71AP",52.345825480841,-3.0468961879783
"LD71AR",52.345913426833,-3.0471184952283
"LD71AS",52.345828876299,-3.0475275920037
"LD71AT",52.344004230192,-3.0494811268721
"LD71AU",52.343809715519,-3.0491094886739
"LD71AW",52.345645036323,-3.0469653347117
"LD71BA",52.343490109776,-3.0506728091126
"LD71BB",52.344049820507,-3.0504218136919
"LD71BD",52.345240640362,-3.0479541403211
"LD71BE",52.345673285427,-3.0458061322627
"LD71BG",52.343034490845,-3.0462870626374
"LD71BL",52.343661705571,-3.047549774404
"LD71BS",52.344068853277,-3.0482787849941
"LD71BT",52.34273497026,-3.0466029721209
"LD71BU",52.343438248127,-3.0463846813274
"LD71BW",52.343487516894,-3.0479273677583
"LD71DA",52.344011769755,-3.0466037611919
"LD71DB",52.342194677154,-3.0466929789304
"LD71DE",52.341216739511,-3.051514424523
"LD71DF",52.341524634948,-3.0482332911425
"LD71DG",52.34126652566,-3.0469206279229
"LD71DH",52.342392594426,-3.0476959480541
"LD71DJ",52.342262518051,-3.0451237390871
"LD71DL",52.341489581296,-3.0501556094394
"LD71DN",52.342253836812,-3.0501590368388
"LD71DP",52.343346530916,-3.0465880516604
"LD71DQ",52.341130703753,-3.0530978664917
"LD71DR",52.343482652626,-3.0454314536496
"LD71DS",52.343522117425,-3.0450359926355
"LD71DT",52.344306651007,-3.043762525151
"LD71DW",52.342711797771,-3.0482026448322
"LD71DY",52.345473713331,-3.0429531479857
"LD71EA",52.346499660919,-3.0448859753386
"LD71EB",52.344656668188,-3.0458702314342
"LD71ED",52.344401421867,-3.0452475859198
"LD71EE",52.345778406545,-3.0451038803416
"LD71EF",52.339960116979,-3.0553014169811
"LD71EG",52.338696833538,-3.0578109120406
"LD71EH",52.342986289512,-3.0547421872114
"LD71EN",52.344892515825,-3.0496930236054
"LD71EP",52.345770597201,-3.0520629316824
"LD71ER",52.344232803288,-3.0530981701666
"LD71ES",52.344834753907,-3.0521434867013
"LD71ET",52.3448070432,-3.0502048556052
"LD71EU",52.344479238032,-3.0506668957704
"LD71EW",52.345731035618,-3.0494339286462
"LD71EY",52.344147774049,-3.0515399214901
"LD71HA",52.34367105871,-3.0515579731709
"LD71HB",52.342611420719,-3.055437948974
"LD71HD",52.343166653993,-3.0536747610672
"LD71HE",52.341803528471,-3.0552865850569
"LD71HF",52.342868384412,-3.0508195610085
"LD71HG",52.343145389441,-3.0489909958085
"LD71HH",52.342732226251,-3.0570116857123
"LD71HJ",52.3416435997,-3.0378129087838
"LD71HL",52.342758564844,-3.0500241867226
"LD71HN",52.344546170437,-3.0552638017606
"LD71HP",52.340867682536,-3.0421988302474
"LD71HQ",52.341536639056,-3.0539589824015
"LD71HS",52.341896759702,-3.0366297051472
"LD71HT",52.342653976936,-3.0353848596448
"LD71HU",52.341867387209,-3.0460833437294
"LD71HW",52.340820281277,-3.0373679032319
"LD71HX",52.340278040404,-3.0427868503757
"LD71HY",52.338454679134,-3.0425678022426
"LD71HZ",52.335095671097,-3.0390687437944
"LD71LA",52.339919889123,-3.0375083106205
"LD71LB",52.340512272418,-3.0386525501682
"LD71LD",52.337634559948,-3.0376750107849
"LD71LE",52.338162723419,-3.0389644821692
"LD71LF",52.339164873202,-3.0405440228759
"LD71LG",52.343629293392,-3.0562402940395
"LD71LJ",52.337617216132,-3.0406691655516
"LD71LN",52.32546167151,-3.0466502147736
"LD71LP",52.343494128759,-3.031851646286
"LD71LR",52.346064943209,-3.0090369544622
"LD71LS",52.340754006939,-3.0107804360623
"LD71LT",52.347712379645,-2.9939514711567
"LD71LU",52.346438501312,-2.9609910130775
"LD71LW",52.331922174107,-3.0266654172161
"LD71LY",52.326157503548,-2.9931307664741
"LD71NA",52.336008908836,-2.9642290651004
"LD71NB",52.354391672315,-3.0110768715581
"LD71ND",52.356242766972,-3.0154072452289
"LD71NE",52.356557867867,-3.0462833595813
"LD71NF",52.372002154992,-3.0486756079893
"LD71NG",52.328702200589,-3.0633696090454
"LD71NH",52.318342822126,-3.0554620275898
"LD71NJ",52.297876746334,-3.0665909180759
"LD71NL",52.304800957837,-3.0635302686136
"LD71NN",52.294021857365,-3.0673048757161
"LD71NP",52.30296330013,-3.0777873312773
"LD71NQ",52.297412815485,-3.0681783606058
"LD71NR",52.305106320676,-3.1047121111709
"LD71NS",52.309651599963,-3.1176175516971
"LD71NT",52.310119984606,-3.1213262437492
"LD71NU",52.304714122311,-3.1205735810535
"LD71NW",52.295612228594,-3.073385237579
"LD71NY",52.303801851831,-3.1416580062686
"LD71PA",52.306497930259,-3.1675595868598
"LD71PB",52.295786762476,-3.1795236033954
"LD71PD",52.316041806045,-3.064386609879
"LD71PE",52.323391844846,-3.0778434589693
"LD71PF",52.361203926089,-3.1009996647008
"LD71PG",52.342382689316,-3.0748258769207
"LD71PH",52.354020457765,-3.0804534303525
"LD71PL",52.357668615127,-3.1002068663449
"LD71PN",52.360388154584,-3.0968670716301
"LD71PP",52.361478020948,-3.0995671325943
"LD71PR",52.361497570223,-3.1013300829078
"LD71PS",52.362018112611,-3.1043245659209
"LD71PT",52.359903170556,-3.1035668737849
"LD71PU",52.357489870969,-3.1220844066588
"LD71PW",52.360998216589,-3.097014363073
"LD71PY",52.362311137872,-3.1171540519029
"LD71PZ",52.360329304239,-3.0944863502516
"LD71RA",52.362100471238,-3.1364186610878
"LD71RB",52.365760968272,-3.100216955019
"LD71RD",52.373311712421,-3.1071918971201
"LD71RE",52.371200135684,-3.1146899776359
"LD71RF",52.374449799175,-3.1076023401742
"LD71RG",52.375340377979,-3.1094757908957
"LD71RH",52.379936949953,-3.1698926296507
"LD71RL",52.388300991709,-3.1587536119878
"LD71RN",52.381615913543,-3.1388446044235
"LD71RP",52.375268642628,-3.1256202800068
"LD71RR",52.360031161588,-3.0956098600934
"LD71RS",52.343097546568,-3.0513388310725
"LD71RT",52.341877723758,-3.0540258157982
"LD71RW",52.379982413484,-3.1301040887638
"LD71RY",52.34264106213,-3.0541320545665
"LD71SA",52.34263620633,-3.0586976996888
"LD71SB",52.341932463639,-3.0579615367688
"LD71SD",52.337092215544,-3.0632772733283
"LD71SE",52.328639869875,-3.0732452518726
"LD71SF",52.326482402437,-3.1015169277627
"LD71SG",52.321212903188,-3.1159278677065
"LD71SH",52.317109037305,-3.1229554793769
"LD71SL",52.325323308733,-3.1393502786231
"LD71SN",52.332353941564,-3.1524178813263
"LD71SP",52.334556828934,-3.158860226056
"LD71SR",52.333292756596,-3.1603096560761
"LD71SS",52.335410739454,-3.1561376429873
"LD71ST",52.33984877609,-3.1583673343477
"LD71SU",52.340852443544,-3.1814125169845
"LD71SW",52.333716280266,-3.1565484750416
"LD71SY",52.354798759879,-3.1632665216133
"LD71TA",52.345272141821,-3.1527097400506
"LD71TB",52.34688948461,-3.1323726140842
"LD71TD",52.337119052042,-3.1329450479853
"LD71TE",52.348508040434,-3.1124892411509
"LD71TN",52.349823605332,-3.0533191408576
"LD71TP",52.370336282389,-3.077928200875
"LD71TR",52.385135912475,-3.0819183339338
"LD71TS",52.376104656967,-3.1027512897965
"LD71TT",52.363398559446,-3.0970591318172
"LD71TU",52.380873125627,-3.117754763837
"LD71TW",52.358692210026,-3.0670266634392
"LD71TY",52.404269419803,-3.1224771442976
"LD71UA",52.400844754323,-3.1420739446396
"LD71UB",52.409523437299,-3.1418864227423
"LD71UD",52.416803406545,-3.1634270842443
"LD71UE",52.399463488983,-3.1565176560914
"LD71UF",52.390743025412,-3.1536148360514
"LD71UG",52.408404303286,-3.2074617858803
"LD71UH",52.401257038688,-3.1985198144044
"LD71UP",52.345976257148,-3.0562228218475
"LD71UR",52.35033585776,-3.0693656561267
"LD71UT",52.352711997333,-3.0700984830827
"LD71UU",52.360967247674,-3.0925928014352
"LD71UW",52.425361804143,-3.1897894648435
"LD71UY",52.376414960151,-3.1194787108875
"LD71WT",52.344011769755,-3.0466037611919
"LD71YA",52.386117506103,-3.1475425891182
"LD71YB",52.391807066513,-3.1606532137816
"LD71YD",52.402358820011,-3.172940727139
"LD71YE",52.40868135093,-3.1827241977465
"LD71YF",52.409021049614,-3.1847182034003
"LD71YG",52.410704528809,-3.186307200021
"LD71YH",52.414229131082,-3.2049887156756
"LD71YL",52.419682772356,-3.2185646067639
"LD71YN",52.421281239695,-3.2205059142845
"LD71YP",52.423397693565,-3.2227852675271
"LD71YR",52.413869501338,-3.2354765924034
"LD71YS",52.427695154023,-3.2176088269311
"LD71YT",52.43776747563,-3.259508845406
"LD71YU",52.418894289667,-3.1980568253942
"LD71YW",52.422017765419,-3.2214528267351
"LD71YY",52.441950902406,-3.2031553285894
"LD79AD",52.344011769755,-3.0466037611919
"LD79AF",52.344011769755,-3.0466037611919
"LD82AA",52.273356470175,-3.0050836745444
"LD82AB",52.273826176889,-3.003775071311
"LD82AD",52.273281297073,-3.0044077101035
"LD82AE",52.273766610389,-3.0033779576881
"LD82AF",52.274104840504,-3.002725977554
"LD82AG",52.274535453611,-3.0017829046531
"LD82AH",52.273353322098,-3.0033393089235
"LD82AJ",52.267473695754,-2.9968605188067
"LD82AN",52.273045920471,-3.0035375771913
"LD82AP",52.272457463012,-3.0040079890451
"LD82AQ",52.274037026934,-3.0022407278706
"LD82AR",52.271838752074,-3.0027481272342
"LD82AS",52.271379111613,-3.0018143460558
"LD82AT",52.271798808869,-3.0032162633576
"LD82AU",52.272282042308,-3.0045463559248
"LD82AW",52.272551615858,-3.0045671080035
"LD82AY",52.269811727911,-2.9989649121447
"LD82BA",52.27362891865,-3.0058227389087
"LD82BB",52.274820826465,-3.0073448805103
"LD82BD",52.272884376636,-3.0056153337203
"LD82BE",52.273562742721,-3.0062023490621
"LD82BG",52.275366816739,-3.0086911927056
"LD82BH",52.27501883834,-3.0083754642472
"LD82BL",52.275386772663,-3.0095125280794
"LD82BP",52.274563996716,-3.0058292487372
"LD82BS",52.27476812697,-3.004030886224
"LD82BT",52.274785109853,-3.0041485372686
"LD82BU",52.274920332816,-3.0041076180273
"LD82BW",52.275962045341,-3.0116364672985
"LD82BY",52.275365723608,-3.0056568369532
"LD82DA",52.275550885983,-3.0071415531543
"LD82DB",52.275238613185,-3.0068559617958
"LD82DD",52.274473080636,-3.0080552535003
"LD82DE",52.270404714917,-3.0022027736507
"LD82DG",52.271454162238,-2.9993242961403
"LD82DH",52.275464585783,-3.0140731336048
"LD82DL",52.271401402015,-3.0044824755702
"LD82DN",52.271075503434,-3.0036836206548
"LD82DP",52.272900606015,-3.0068762708893
"LD82DR",52.272742160011,-3.0054215645241
"LD82DS",52.272076155873,-3.0065497811356
"LD82DT",52.27262679034,-3.0062984159099
"LD82DU",52.270949917209,-3.005762098481
"LD82DW",52.270598263727,-3.0027054776665
"LD82DX",52.298093165364,-3.0248855801253
"LD82DY",52.27329489947,-3.0080871553147
"LD82EA",52.273067022729,-3.0084484314538
"LD82EB",52.273270411026,-3.0088488112328
"LD82ED",52.284890005835,-3.0447701489072
"LD82EE",52.282493215132,-3.0493906313697
"LD82EF",52.289704882052,-3.0289150168183
"LD82EG",52.293134377472,-3.0346696487981
"LD82EH",52.294976576063,-3.0203261153446
"LD82EL",52.296442050179,-3.0203451299594
"LD82EN",52.298208199107,-3.0230256329223
"LD82EP",52.305972899349,-3.0389441685845
"LD82EQ",52.295787303183,-3.0211953384597
"LD82ER",52.312607162073,-3.0309131251764
"LD82ES",52.276896578243,-3.0096054714605
"LD82ET",52.280218680342,-3.0133167059299
"LD82EU",52.287450769418,-3.0119421419325
"LD82EW",52.304363664658,-3.0245023172483
"LD82EY",52.298867667035,-3.019550232204
"LD82HA",52.307976916451,-3.0205076411611
"LD82HB",52.3022515378,-3.0076739540899
"LD82HD",52.290517604967,-3.004489600076
"LD82HE",52.27368584436,-3.0044168550443
"LD82HF",52.270684184727,-2.9999958617411
"LD82HG",52.266776011988,-2.9770596107546
"LD82HH",52.265900522408,-2.9632349394724
"LD82HL",52.262970886085,-2.9586139139931
"LD82HN",52.273750353151,-2.9476623972275
"LD82HP",52.273926562445,-2.9368485086979
"LD82HR",52.27936850613,-2.9343244970679
"LD82HS",52.26647078437,-2.9233694117838
"LD82HU",52.258056919708,-2.9276637561722
"LD82HW",52.275462641096,-2.9392995605793
"LD82HY",52.261727782802,-2.9342174390932
"LD82LA",52.266935670802,-3.0009374227331
"LD82LB",52.270061236753,-2.9960391525534
"LD82LD",52.263152664179,-2.9942576781085
"LD82LE",52.256028252867,-3.0167799929533
"LD82LF",52.268389967705,-2.9958991003551
"LD82LG",52.254027441852,-3.0141848641622
"LD82LH",52.253678910783,-2.9863391702468
"LD82LL",52.257504497394,-2.9933547654727
"LD82LN",52.275590633695,-3.0014109124444
"LD82LP",52.274735625032,-2.9876274212371
"LD82LR",52.282253199048,-2.999317999888
"LD82LS",52.283031970523,-2.9911985991208
"LD82LT",52.291169078441,-2.9695751700731
"LD82LU",52.297274795808,-2.9640328512691
"LD82LW",52.276680482276,-3.0001308242088
"LD82LY",52.307499025351,-2.9824887276093
"LD82NA",52.30624526128,-2.9666187043015
"LD82NB",52.323184301938,-2.9667530375698
"LD82ND",52.315170853046,-2.9897890739372
"LD82NE",52.270254401343,-3.0092933307767
"LD82NF",52.282217954499,-3.030618172786
"LD82NG",52.263769509174,-3.0147588522855
"LD82NH",52.268021353426,-3.0190769182913
"LD82NJ",52.27132695849,-3.0089952320843
"LD82NL",52.274857366568,-3.0322650742264
"LD82NN",52.268912577389,-3.0598131445945
"LD82NP",52.278594314314,-3.0429068929475
"LD82NQ",52.281636613849,-3.0323199863934
"LD82NR",52.27916707201,-3.0683552901733
"LD82NS",52.282301649286,-3.0727116850851
"LD82NT",52.28801816022,-3.1146976307525
"LD82NU",52.238398629194,-3.0890088733594
"LD82NW",52.275982142019,-3.0605827921024
"LD82NX",52.299165157904,-3.0236196793788
"LD82NY",52.269890961018,-3.0118353595904
"LD82PA",52.263652556952,-3.0816113210337
"LD82PB",52.270439727594,-3.0768664008109
"LD82PD",52.265591151036,-3.1004907870684
"LD82PE",52.259334535559,-3.1070471653205
"LD82PF",52.276816019891,-3.1221272821221
"LD82PG",52.260818334988,-3.1156273584208
"LD82PH",52.228331683031,-3.0866392568933
"LD82PL",52.223168674833,-3.0878016653297
"LD82PN",52.219743977805,-3.0944818351488
"LD82PP",52.210303321144,-3.1059742641662
"LD82PR",52.240021433579,-3.038648209127
"LD82PS",52.234592268473,-3.059683803768
"LD82PT",52.237572167155,-3.0751918911716
"LD82PU",52.232519118448,-3.0790970458727
"LD82PW",52.217384762829,-3.0967808142839
"LD82PY",52.230965253758,-3.0896763098142
"LD82RA",52.239624128761,-3.1042130892063
"LD82RB",52.23248588924,-3.1040798774659
"LD82RD",52.237618482657,-3.1280367620719
"LD82RE",52.227261992165,-3.1249920985535
"LD82RF",52.230467572477,-3.0900155769265
"LD82RG",52.226186668522,-3.0959287995952
"LD82RH",52.22444362334,-3.0996488585357
"LD82RJ",52.271814731368,-3.0013404722565
"LD82RL",52.222691176416,-3.0985806708676
"LD82RN",52.215442323255,-3.10355472738
"LD82RP",52.215512053423,-3.149932901249
"LD82RR",52.208738923709,-3.1155078702913
"LD82RS",52.292749369306,-3.0200109757828
"LD82RT",52.270401941833,-3.0014698631148
"LD82RU",52.271160943021,-2.9967820052923
"LD82RW",52.217233646201,-3.114827681037
"LD82RY",52.256334905627,-3.0804515757448
"LD82SA",52.252806607318,-3.0788714124364
"LD82SB",52.253627639081,-3.0795506522737
"LD82SD",52.254229024821,-3.0806494809506
"LD82SE",52.262971559239,-3.0744579604756
"LD82SF",52.254572951839,-3.0764674167649
"LD82SG",52.260532771958,-3.0597598851572
"LD82SH",52.246520603927,-3.0560859639113
"LD82SJ",52.254860173089,-3.0794780150399
"LD82SL",52.240335184101,-3.154880763102
"LD82SN",52.23998736778,-3.1527479012394
"LD82SP",52.239357098021,-3.1528340975665
"LD82SQ",52.254994063077,-3.078602147602
"LD82SR",52.239310551668,-3.1539167615348
"LD82SS",52.238626401078,-3.1493878423286
"LD82ST",52.239462861359,-3.1502882704147
"LD82SU",52.24144254852,-3.1519799935658
"LD82SW",52.239602940263,-3.1534409951274
"LD82SY",52.239755370151,-3.1516433615037
"LD82TA",52.241362366918,-3.1509818824674
"LD82TB",52.240518297217,-3.1591332331412
"LD82TD",52.240187231997,-3.1543789177695
"LD82TE",52.239409507774,-3.1557501944811
"LD82TF",52.239740188895,-3.154118317471
"LD82TG",52.253768790117,-3.1298090555059
"LD82TH",52.25423549826,-3.1411174438659
"LD82TL",52.243517679492,-3.1567797804195
"LD82TN",52.221075765394,-3.1838092769232
"LD82TP",52.216580714973,-3.2181803604794
"LD82TR",52.211019243551,-3.2072402576131
"LD82TU",52.240796312649,-3.1500151564446
"LD82TW",52.220575156878,-3.2136192482701
"LD82UA",52.286998762902,-3.0195416556619
"LD82UB",52.293917412186,-3.0211523301063
"LD82UF",52.269825924972,-3.0057659727881
"LD82UG",52.271837669381,-3.004990690478
"LD82UH",52.268586177942,-3.0045800619957
"LD82UN",52.219048420682,-3.0986957400164
"LD82WA",52.344011769755,-3.0466037611919
"LD82WB",52.344011769755,-3.0466037611919
"LD82YT",52.269739543473,-3.0011178301468
"LD82ZE",52.344011769755,-3.0466037611919
